"","id","net_size","tot_edges","tot_weak_ties","tot_strong_ties","max_deg","mean_deg","density_val","deg_centrality_score","constraint","kinship","conspiracy_score","similarity_mean","similarity_weightedSum","paranoia_score","paranoia_group","kappa","mu02","mu03","omega2","omega3","dataset"
"1","A002160837SWJFPIAI7L7",5,15,6,9,5,5,1,0,0.603290816,2,2.4,0.555555555555556,2.77777777777778,0.111111111,"low",0.466650158,-0.282902246,-0.697897805,1.327059207,0.648294634,"social_network"
"2","A101U3FTZYY87V",5,11,9,2,5,3.666666667,0.733333333,0.266666667,0.568472222,0,1,1.4,1,0.5,"low",0.438946595,-0.101367135,-1.410361792,1.952531018,-0.501267891,"social_network"
"3","A10249252O9I20MRSOBVF",5,14,2,12,5,4.666666667,0.933333333,0.066666667,0.624673621,4,4,0.76,3.8,0,"low",0.464749846,-0.470525594,-1.822998176,1.214134739,-0.402988551,"social_network"
"4","A107RJSS561Y7R",8,22,15,7,8,4.888888889,0.611111111,0.388888889,0.372191184,2,4,0.7,2.9,0,"low",0.412269929,-0.075578732,-0.913639162,2.211224333,0.025737795,"social_network"
"5","A10BH9PYCYUKDJ",6,20,8,12,6,5.714285714,0.952380952,0.047619048,0.533844063,2,2.8,1,5.07142857142857,0,"low",0.4698502,-0.070645998,-1.237891288,1.463288778,-0.708075736,"social_network"
"6","A118BQHK3S4UDV",6,12,8,4,6,3.428571429,0.571428571,0.428571429,0.472330729,2,2,0.8375,2,1.777777778,"high",0.642673631,-0.092139174,0.927369185,-0.883419103,-1.820924609,"social_network"
"7","A11DJHOJ5CEV4A",4,8,4,4,4,3.2,0.8,0.2,0.612454649,0,2.6,0.923076923076923,3,1,"low",0.424086324,0.0230018,0.058003869,2.207811617,-0.303985506,"social_network"
"8","A123Z5E5ULFEX7",8,36,7,29,8,8,1,0,0.432512556,0,3.4,1.24264705882353,9.94117647058824,1.722222222,"high",0.545852633,-0.013037963,0.49172658,-0.198433332,-1.035655959,"social_network"
"9","A12F9HCQNQ7CSA",14,79,39,40,14,10.53333333,0.752380952,0.247619048,0.267129715,4,3.4,1.13620448179272,11.6911764705882,2.555555556,"high",0.406958925,-0.149393806,-0.008177041,2.089570935,0.124527256,"social_network"
"10","A12FTSX85NQ8N9",4,8,5,3,4,3.2,0.8,0.2,0.698125,1,2.4,1.20833333333333,2,0.111111111,"low",0.47993305,-0.095236026,-0.946010384,1.314929107,0.13976881,"social_network"
"11","A12J4IRF5Z06BT",6,15,9,6,6,4.285714286,0.714285714,0.285714286,0.493053036,1,4,0.864583333333333,2.45,0.111111111,"low",0.45858188,-0.449442076,-1.929111415,1.142161843,0.430803257,"social_network"
"12","A13DHPKBQXN9R7",4,6,1,5,3,3,1,0,0.882469136,0,1,1.06666666666667,3.2,0.444444444,"low",0.540413417,-0.058308263,-0.492223468,2.849859808,-0.238249526,"social_network"
"13","A13FUEPWBCLBUY",10,45,23,22,9,9,1,0,0.379174409,5,1,1,9,0,"low",0.455369388,-0.383241139,-2.659142148,0.568160075,-0.007332643,"social_network"
"14","A13WTEQ06V3B6D",5,14,7,7,5,4.666666667,0.933333333,0.066666667,0.610410263,1,1.8,0.888888888888889,3.55555555555556,0.222222222,"low",0.598645906,-0.060053126,0.558862637,0.097631535,-0.933494473,"social_network"
"15","A13ZMMHQFG93RV",7,21,15,6,6,6,1,0,0.5040479,3,1.4,0.785714285714286,4,0,"low",0.392963548,-0.022057272,-0.571639503,2.700593071,-0.696235563,"social_network"
"16","A143XRCI1YXAFE",7,28,11,17,7,7,1,0,0.471809811,2,1,1,7,0,"low",0.59792638,-0.004530656,0.995509754,-2.122887804,-2.00786491,"social_network"
"17","A147F5PJTHOB8A",5,11,4,7,5,3.666666667,0.733333333,0.266666667,0.578009574,3,1,2.76,9.6,0,"low",0.425243402,-0.233931178,0.065047324,2.863472124,-1.615156244,"social_network"
"18","A14LOABUGAITBM",8,22,8,14,8,4.888888889,0.611111111,0.388888889,0.44236797,4,4.2,1.09126984126984,4.12698412698413,3.944444444,"high",0.615280231,-0.004291615,1.004444393,-1.56037012,-1.958902093,"social_network"
"19","A14OQ52EFQAN2W",2,2,0,2,2,1.333333333,0.666666667,0.333333333,0.5,1,1,1.8,3.6,0.055555556,"low",0.412586994,-0.990655112,-2.810024564,1.128849721,-0.501223766,"social_network"
"20","A14WLAP6TCEKO0",8,32,16,16,8,7.111111111,0.888888889,0.111111111,0.436765449,2,2.4,0.604166666666667,3.5,1.944444444,"high",0.476205588,0.096500145,-1.262289542,1.950978928,-1.219844154,"social_network"
"21","A150GMV1YQWWB3",4,9,5,4,4,3.6,0.9,0.1,0.790332105,2,3.2,0.75,1.5625,0.611111111,"low",0.472226434,-0.180928176,-1.526291746,1.095532281,0.144731848,"social_network"
"22","A15R4L3EO5EAI9",7,15,6,9,7,3.75,0.535714286,0.464285714,0.443777311,3,1.6,1.03571428571429,4.25,0,"low",0.418663487,0.001912856,-0.375547425,2.150301502,-0.618183835,"social_network"
"23","A163XFZG5BI0XU",3,6,0,6,3,3,1,0,0.925925926,3,1,1.46666666666667,4.4,0,"low",0.644179419,-0.203564408,0.815452647,-0.781096589,-1.766860076,"social_network"
"24","A166A2M31CW2C7",5,9,7,2,5,3,0.6,0.4,0.566550926,3,2.8,0.964285714285714,0.892857142857143,2.055555556,"high",0.429295216,-0.34184382,-0.821901113,1.999700408,-0.459153208,"social_network"
"25","A16LZUEQ6JGHWA",5,8,2,6,5,2.666666667,0.533333333,0.466666667,0.380972222,3,1.8,0.8,2.44444444444444,0.722222222,"low",0.476866169,-0.079390433,-1.763141372,0.860677019,-0.037627512,"social_network"
"26","A16PGNEFSNCTXF",5,15,0,15,5,5,1,0,0.648,0,1,2,10,0,"low",0.456532776,-0.109586443,-0.545016862,1.920643628,0.257598476,"social_network"
"27","A171S8E9IFSHH2",5,12,5,7,5,4,0.8,0.2,0.616904762,3,2.8,0.4,1.64285714285714,0.611111111,"low",0.533980512,-0.171815688,0.326773848,1.069576377,-1.800941353,"social_network"
"28","A1720HSKGQ41VJ",5,13,4,9,5,4.333333333,0.866666667,0.133333333,0.595949206,3,2,1.32,6.6,0.055555556,"low",0.454228647,-0.688638118,-2.194902461,0.845449051,0.017223172,"social_network"
"29","A1721FMJBGZVYE",5,15,0,15,5,5,1,0,0.648,2,1,1,5,0,"low",0.418652252,-0.645093502,-1.083170701,1.844736906,-0.422522482,"social_network"
"30","A173T1IWICTNER",8,18,7,11,8,4,0.5,0.5,0.437104421,3,2.6,0.408653846153846,1.34615384615385,0.722222222,"low",0.42399772,0.066093143,-0.753950921,2.551424827,-1.497950763,"social_network"
"31","A17KN7NAP48L4B",5,8,4,4,5,2.666666667,0.533333333,0.466666667,0.423209877,2,2.2,0.645454545454545,2.77272727272727,0.166666667,"low",0.453774948,-0.666025334,-1.195006537,0.946787374,0.631652957,"social_network"
"32","A17OSPGV41FZ7P",8,20,13,7,8,4.444444444,0.555555556,0.444444444,0.386053583,3,1.8,0.893518518518518,4.55555555555556,0,"low",0.459454984,-0.121636157,0.004688778,2.122017066,-1.118471651,"social_network"
"33","A17PORAJCUTBBB",10,29,20,9,8,6.444444444,0.805555556,0.194444444,0.43402859,7,1,1.25,5,0.222222222,"low",0.428914154,0.194175329,-2.748070885,0.859356831,-1.583949415,"social_network"
"34","A18FPXIJYCTETD",3,5,1,4,3,2.5,0.833333333,0.166666667,0.751234568,2,1.2,1,3,0.222222222,"low",0.468960301,-0.311137057,-0.564181519,2.457326158,-0.661362366,"social_network"
"35","A18WSAKX5YN2FB",3,4,3,1,3,2,0.666666667,0.333333333,0.53125,0,3.2,0.895833333333333,0.9375,0.333333333,"low",0.461951587,-0.033750621,-0.273644203,2.432946016,-0.415200113,"social_network"
"36","A19S4W3QLLQJ0T",3,6,0,6,3,3,1,0,0.925925926,3,2.2,1.15151515151515,3.45454545454545,0.222222222,"low",0.473353858,-0.206911,-2.55341336,0.052718107,-0.202434826,"social_network"
"37","A19ZWBQT8A3LIR",4,8,6,2,4,3.2,0.8,0.2,0.7272,2,1,1.2,1,0,"low",0.440938815,-0.320361777,-1.670505169,1.185603503,0.591408826,"social_network"
"38","A1A1ZXUVSV4YR8",5,14,10,4,5,4.666666667,0.933333333,0.066666667,0.595325521,5,2.8,0.664285714285714,2.51785714285714,0.333333333,"low",0.463233911,-0.552284026,-2.952811485,0.078536397,-1.1632044,"social_network"
"39","A1AH72NCEHW9AG",8,27,8,19,8,6,0.75,0.25,0.422648536,3,1.4,0.767857142857143,5.42857142857143,0,"low",0.524493354,-0.068572688,0.351491319,0.490710343,-1.78018916,"social_network"
"40","A1AKL5YH9NLD2V",5,8,1,7,5,2.666666667,0.533333333,0.466666667,0.473251029,3,1,2.12,8.6,0.055555556,"low",0.463696602,-0.136985234,-1.984879547,0.461179795,0.521288107,"social_network"
"41","A1ATL3G98SFW4V",3,6,0,6,3,3,1,0,0.925925926,3,4,1,3,1,"low",0.439727673,-0.173988811,0.070741428,2.763697219,-1.457659253,"social_network"
"42","A1AZ97YYFVWFGC",4,6,3,3,4,2.4,0.6,0.4,0.625,2,4.6,0.760869565217391,1.21739130434783,1.555555556,"high",0.443007179,-0.157979464,-0.505262745,2.444493647,-0.254655247,"social_network"
"43","A1B4KC5KP7FH1Z",3,5,1,4,3,2.5,0.833333333,0.166666667,0.751234568,1,3.4,0.803921568627451,2.41176470588235,0,"low",0.412120929,-0.117042986,-1.372321267,2.440652594,-0.344989187,"social_network"
"44","A1BHR5XQ16T7LA",9,20,5,15,9,4,0.444444444,0.555555556,0.352419118,3,1.5,1.58518518518519,7.33333333333333,0.166666667,"low",0.451223846,-0.554818009,-1.678054955,0.992101297,0.08476886,"social_network"
"45","A1BNGJBEWJS8WE",4,10,4,6,4,4,1,0,0.695269274,3,2.2,1.18181818181818,4.72727272727273,0.111111111,"low",0.488015197,-0.193065639,0.145342056,2.122540319,0.27162322,"social_network"
"46","A1BUNT3VJFLXD0",7,16,10,6,7,4,0.571428571,0.428571429,0.462062652,4,1.2,2.07142857142857,4.33333333333333,0.055555556,"low",0.442337818,-0.078044908,-1.664278063,1.008484088,-0.618417998,"social_network"
"47","A1BVG13MHBM1YD",2,3,1,2,2,2,1,0,0.888888889,2,3.8,1.02631578947368,2.05263157894737,0,"low",0.469596114,-1.344156316,-3.88870683,-0.364413239,-1.831086897,"social_network"
"48","A1BZNPQ0H7ZSER",6,10,5,5,6,2.857142857,0.476190476,0.523809524,0.460219479,3,1,1,3,0,"low",0.424573176,-0.085145317,-2.92647569,1.26765693,-1.114429733,"social_network"
"49","A1CAEF74MR3VRU",6,15,8,7,5,5,1,0,0.582553855,5,1,1.04,5.2,1.444444444,"high",0.475540956,-0.877465646,-1.275281031,1.016434521,0.436731632,"social_network"
"50","A1CB72B51L7TKE",5,12,5,7,5,4,0.8,0.2,0.574432251,2,1.2,2.25,7.08333333333333,0.055555556,"low",0.454877643,-0.243751719,-0.367311837,1.61950304,0.204626096,"social_network"
"51","A1CE2XPYCDRHVZ",11,32,18,14,11,5.333333333,0.484848485,0.515151515,0.290164263,3,2.2,1.09435261707989,9.00757575757576,0,"low",0.452150084,-0.232788226,-0.263792368,2.593760409,-1.320686901,"social_network"
"52","A1COPEOCGVLLZ2",4,10,4,6,4,4,1,0,0.84138322,2,1.6,0.6875,0.75,1.777777778,"high",0.436408263,-0.208557385,-0.645790526,2.54081602,-1.541961943,"social_network"
"53","A1CSDIX05PK9V",5,10,6,4,5,3.333333333,0.666666667,0.333333333,0.587058633,1,1.6,0.75,1.5,0,"low",0.463248594,-0.245890057,-0.790453632,1.919845808,0.484693798,"social_network"
"54","A1DDZD5QL1PAD0",10,28,18,10,10,5.090909091,0.509090909,0.490909091,0.314325603,1,2.66666666666667,0.7875,4.48125,3.222222222,"high",0.383791384,-0.247869134,0.145460408,2.647624505,-1.187559386,"social_network"
"55","A1EH9BPKYXFBS5",8,17,10,7,8,3.777777778,0.472222222,0.527777778,0.320113379,2,1,1.19375,4.95,0.055555556,"low",0.44070004,-0.54540563,-3.567718722,0.326372978,-0.758560457,"social_network"
"56","A1EIKIHK12UDP0",2,3,2,1,2,2,1,0,1.00308642,2,1.25,1.16,1.12,1.888888889,"high",0.470348219,0.046750951,-1.39401879,1.068444478,0.163745814,"social_network"
"57","A1F9KLZGHE9DTA",5,15,8,7,5,5,1,0,0.612031438,2,4.2,0.919047619047619,3.88095238095238,3.055555556,"high",0.455343986,-0.131262617,-0.117559363,2.543918628,-0.99960433,"social_network"
"58","A1FNA7IS6HB59",4,7,4,3,4,2.8,0.7,0.3,0.676080247,2,1,1.1,2.4,0,"low",0.597885083,-0.142355773,0.298769093,0.117260566,-0.48264391,"social_network"
"59","A1GASF35DM5ZD6",6,15,7,8,6,4.285714286,0.714285714,0.285714286,0.552307212,4,2,1.41666666666667,6,0,"low",0.437378786,-0.210832482,0.021028894,1.814165483,-0.691097228,"social_network"
"60","A1GT4NK0VO5RFQ",6,14,5,9,5,4.666666667,0.933333333,0.066666667,0.596048438,5,1.5,1.47777777777778,7.38888888888889,0,"low",0.470804153,-0.575110827,-3.068624724,0.189110896,-0.535910618,"social_network"
"61","A1H1TKK54YG94Q",5,11,6,5,5,3.666666667,0.733333333,0.266666667,0.569136934,4,2.4,0.6,1.33333333333333,0.388888889,"low",0.473953,-0.056530905,-2.190143655,1.26243537,-0.732760826,"social_network"
"62","A1HNB2243A2PQH",6,13,5,8,6,3.714285714,0.619047619,0.380952381,0.39553414,1,1.5,0.9,5.4,0,"low",0.43493404,-0.01996783,0.478509156,1.972431317,-0.177328286,"social_network"
"63","A1HWB810RJBV2K",5,15,0,15,5,5,1,0,0.648,4,2.6,0.692307692307692,3.46153846153846,0,"low",0.407934124,-0.215700035,-0.561170751,2.468409416,-0.086403901,"social_network"
"64","A1I72NHC21347A",6,12,7,5,6,3.428571429,0.571428571,0.428571429,0.464880952,3,2,1.26666666666667,4.6,0,"low",0.622582,-0.054958452,-2.548404021,-0.668471929,-0.631397101,"social_network"
"65","A1IONW41S7GFKX",5,11,6,5,5,3.666666667,0.733333333,0.266666667,0.615453515,3,1.2,0.9,1.83333333333333,0.166666667,"low",0.549539181,0.032763494,1.026389006,-0.104680829,-1.233870692,"social_network"
"66","A1JJYY622DGE5L",5,11,3,8,5,3.666666667,0.733333333,0.266666667,0.552383333,2,1.6,1.2,6,1.444444444,"low",0.445883816,-0.938259544,-2.185971661,0.861205256,-0.389215006,"social_network"
"67","A1JWKT0IS06YKL",8,19,9,10,8,4.222222222,0.527777778,0.472222222,0.39887798,5,2.4,0.75,3,0.055555556,"low",0.447538226,-0.397026542,-2.572529414,0.699631495,-0.559185177,"social_network"
"68","A1JXSNKXAXT9OU",9,25,17,8,9,5,0.555555556,0.444444444,0.347180673,3,1.2,1.62962962962963,7.83333333333333,0.277777778,"low",0.463904909,-0.533954717,-2.876011595,0.432519959,-1.437456422,"social_network"
"69","A1KOBLL83SICGQ",5,15,8,7,5,5,1,0,0.678559397,2,3,0.733333333333333,1.46666666666667,0.555555556,"low",0.474539873,0.020159084,-1.399992721,1.340478737,-0.779288303,"social_network"
"70","A1KTZE679PHSFQ",6,14,12,2,6,4,0.666666667,0.333333333,0.509121227,1,2.6,0.846153846153846,1.53846153846154,0.222222222,"low",0.440752374,-0.161685949,-1.054082854,2.118191784,-0.569315823,"social_network"
"71","A1L8M9HBRG9N5R",6,15,7,8,6,4.285714286,0.714285714,0.285714286,0.501328217,4,2.2,0.912878787878788,5.02272727272727,0.166666667,"low",0.462854652,-0.484239391,-1.70255854,1.271160536,0.352466332,"social_network"
"72","A1LGMX4P87TNAR",4,6,2,4,4,2.4,0.6,0.4,0.654320988,2,2.8,1.30357142857143,2.21428571428571,2.705882353,"high",0.536207163,-0.130314178,-0.825353554,1.376188561,-0.40150019,"social_network"
"73","A1LRJ4U04532TM",4,9,4,5,4,3.6,0.9,0.1,0.727908163,3,3,1.0625,2.25,2.277777778,"high",0.466270763,-0.431079107,-1.86072968,0.510500106,-0.733888204,"social_network"
"74","A1M682B2WUSYJP",5,12,6,6,5,4,0.8,0.2,0.519047619,0,2.4,0.6,3,0,"low",0.496817452,-0.431935437,-1.828229663,1.046908515,-0.557157885,"social_network"
"75","A1MJVTR0PCKBWW",3,6,1,5,3,3,1,0,0.882469136,0,1,2.4,7.2,0,"low",0.635580117,-0.064331923,0.960667556,-1.084825226,-1.86351753,"social_network"
"76","A1MNY9OSINZ2GA",7,18,10,8,7,4.5,0.642857143,0.357142857,0.440598518,2,3.4,1.0609243697479,4.25,0.166666667,"low",0.627522716,-0.027824154,0.966633166,-1.251189114,-1.934774775,"social_network"
"77","A1N16ZU0FNQEY6",12,41,18,23,10,7.454545455,0.745454545,0.254545455,0.369259562,7,3,0.933333333333333,6.46666666666667,0,"low",0.424524406,-0.688859443,-2.612309736,1.055776616,-0.711359456,"social_network"
"78","A1NANVHGH37SV7",7,10,6,4,7,2.5,0.357142857,0.642857143,0.265491276,1,1.2,0.857142857142857,3.5,0.722222222,"low",0.567195212,-0.097099601,0.715127862,-0.105214418,-0.744952872,"social_network"
"79","A1NFBKUYYVUYWF",6,12,8,4,6,3.428571429,0.571428571,0.428571429,0.482812071,1,3.4,0.800653594771242,2.94117647058824,0,"low",0.473418852,-0.246676453,-0.178774032,2.4055363,-0.537294065,"social_network"
"80","A1NJPPCHN1QN5B",3,6,0,6,3,3,1,0,0.925925926,0,4.2,0.809523809523809,2.42857142857143,0,"low",0.481416294,-0.437637436,-1.12120618,1.861067262,0.632234981,"social_network"
"81","A1NVJB5O4H7ZCJ",7,21,11,10,7,5.25,0.75,0.25,0.488944735,1,1.6,0.875,3.625,0.111111111,"low",0.441303239,0.020580877,-0.05255452,2.105130385,-0.616118137,"social_network"
"82","A1ODA3Q5H6HTDQ",3,5,1,4,3,2.5,0.833333333,0.166666667,0.751234568,1,1.6,0.958333333333333,2.875,0.277777778,"low",0.61049822,-0.029367097,0.991788205,-1.667398511,-1.973007477,"social_network"
"83","A1OSRB1Q63XXWZ",5,15,9,6,5,5,1,0,0.569659864,3,3,0.693333333333333,3.46666666666667,0.888888889,"low",0.420264008,-0.144057608,-0.332188809,2.173338771,-0.065472377,"social_network"
"84","A1OWHPMKE7YAGL",6,15,9,6,6,4.285714286,0.714285714,0.285714286,0.487355516,2,1.6,0.791666666666667,2.875,0.166666667,"low",0.434224576,-0.237332887,-0.430457952,2.293804486,-0.670312933,"social_network"
"85","A1P0XSCJ9XAV74",7,24,14,10,7,6,0.857142857,0.142857143,0.481380504,4,2,1.1,3.2,0,"low",0.452851306,-0.081594628,0.100878154,2.162831369,-0.471196948,"social_network"
"86","A1P47Q6LZPLQ6P",8,17,6,11,7,4.25,0.607142857,0.392857143,0.439559921,0,1.4,1.77551020408163,10.8571428571429,0,"low",0.433772344,-0.981625551,-2.090695192,1.00912096,-0.358001788,"social_network"
"87","A1PNYLOKED8FWF",5,13,4,9,5,4.333333333,0.866666667,0.133333333,0.611897294,4,2.6,0.815384615384615,2.53846153846154,0.666666667,"low",0.445893911,-0.204058409,-1.107438913,1.782701201,-0.041377929,"social_network"
"88","A1PR74OHURJNTO",6,20,9,11,6,5.714285714,0.952380952,0.047619048,0.517509859,2,1,1.8,10.8,0.722222222,"low",0.608407911,-0.036239699,0.985683835,-1.747991544,-1.973661969,"social_network"
"89","A1PSHE64ECSZ3B",5,9,5,4,5,3,0.6,0.4,0.484114583,2,3.4,0.666666666666667,2.35294117647059,2.555555556,"high",0.469666424,-0.109310658,-1.179746706,1.395254691,-0.39262472,"social_network"
"90","A1PZIN8H1VI6SY",5,12,6,6,5,4,0.8,0.2,0.627801958,3,3.4,0.929411764705882,1.94117647058824,2.388888889,"high",0.619226967,-0.007578231,0.972385579,-1.508387839,-1.927523009,"social_network"
"91","A1QGG767E07WBA",5,12,5,7,5,4,0.8,0.2,0.608640576,1,1.2,1.93333333333333,5.66666666666667,1.111111111,"low",0.448861844,0.378932161,-1.506134882,1.431837299,-0.430433085,"social_network"
"92","A1QJ2VPPZG16EG",7,12,8,4,7,3,0.428571429,0.571428571,0.368833333,1,2.2,0.766233766233766,3.54545454545454,3.388888889,"high",0.421552654,-0.074762205,0.413570395,2.606781068,-1.417540929,"social_network"
"93","A1QUBLZCONL4QD",7,26,19,7,7,6.5,0.928571429,0.071428571,0.501178196,4,4,1,3,1.444444444,"high",0.440758165,0.006433496,-0.837323783,2.07538603,-0.709207587,"social_network"
"94","A1R37XA9QPSIAN",5,11,2,9,5,3.666666667,0.733333333,0.266666667,0.619339923,4,2,1.915,5.7,0.222222222,"low",0.402546077,-0.099095668,-0.309678101,2.327837534,1.237248696,"social_network"
"95","A1RF95TSDZDJLL",4,8,4,4,4,3.2,0.8,0.2,0.612454649,0,3.6,0.625,1.85185185185185,2,"high",0.451573285,-0.003974704,-0.393554667,2.299320021,-0.546947329,"social_network"
"96","A1SISJL5ST2PWH",2,3,2,1,2,2,1,0,1.00308642,2,2.2,1,1,0,"low",0.437915814,-1.060404947,-3.822172496,0.134381879,-1.470602265,"social_network"
"97","A1SWGSFIMZJQE",10,46,29,17,10,8.363636364,0.836363636,0.163636364,0.346652498,0,4,1.10708333333333,6.54583333333333,2.5,"high",0.399383015,0.112516426,-0.031351491,2.385539601,-0.914761946,"social_network"
"98","A1TGV7LT6LTIQU",4,7,4,3,4,2.8,0.7,0.3,0.619791667,0,1,1.6,3.2,0,"low",0.480103194,-0.282288368,-1.65630121,0.954744726,0.548199819,"social_network"
"99","A1TM0YUPC90UFZ",4,7,4,3,4,2.8,0.7,0.3,0.664660494,1,2,1.25,2,0,"low",0.452602504,-0.534193448,-2.653440809,0.925002925,-0.679572622,"social_network"
"100","A1TMZLYXQAK8Q0",4,10,0,10,4,4,1,0,0.765625,4,2.4,1,4,0.444444444,"low",0.443821576,-0.285995652,-1.153921749,2.047908659,0.1715763,"social_network"
"101","A1TTFE7OTLIJW8",3,6,3,3,3,3,1,0,0.75,2,1.4,1.42857142857143,4.28571428571429,0,"low",0.542199051,-0.526688766,-1.047926779,0.03750156,-1.123593252,"social_network"
"102","A1UMDHBIFJQTHD",6,19,7,12,6,5.428571429,0.904761905,0.095238095,0.531623052,5,3.6,0.858796296296296,4.45833333333333,0.833333333,"low",0.407442511,-0.123329687,-0.019597573,2.416924474,-1.259593765,"social_network"
"103","A1UZXOMO6BS6I2",3,6,1,5,3,3,1,0,0.970133333,3,3,1.06666666666667,2.06666666666667,1.166666667,"low",0.557499061,-0.116927515,0.115075755,0.045124782,-0.468349894,"social_network"
"104","A1VMPZVVVZUCS4",4,6,2,4,4,2.4,0.6,0.4,0.654320988,2,1.8,0.555555555555556,1.11111111111111,0,"low",0.468726238,-0.145400809,-0.878792315,1.963626173,0.312746862,"social_network"
"105","A1VRBTDT3VJSIA",5,15,13,2,5,5,1,0,0.612698413,1,4.2,0.485714285714286,1,0.388888889,"low",0.448403618,-0.206803438,-1.057298235,1.165446393,-0.405691053,"social_network"
"106","A1W7I6FN183I8F",10,26,12,14,9,5.2,0.577777778,0.422222222,0.346282673,5,1.6,1.34722222222222,8.125,0.388888889,"low",0.471706135,-0.039698425,-2.574096759,0.604499871,-0.183996775,"social_network"
"107","A1WPGNK8Y65BV3",4,7,4,3,4,2.8,0.7,0.3,0.574988662,1,2.4,0.901041666666667,2.35416666666667,0.166666667,"low",0.587457598,-0.055124792,0.408028992,1.529189513,-0.069274399,"social_network"
"108","A1WZY0K6IE3ASG",9,28,14,14,9,5.6,0.622222222,0.377777778,0.363219601,4,2,1.36111111111111,7.5,0.333333333,"low",0.445712431,-0.669597445,-1.371705788,0.988315704,0.852877395,"social_network"
"109","A1YHIQHLLLQIIQ",5,15,1,14,5,5,1,0,0.642469136,4,3.6,0.955555555555556,4.77777777777778,1.166666667,"low",0.43339995,-0.206567516,-0.114927979,2.731646282,-1.347583537,"social_network"
"110","A1ZD8RU6YB0VEU",3,6,3,3,3,3,1,0,0.75,2,2,1,3,0.333333333,"low",0.61530907,-0.071348582,0.979456991,-1.512624127,-1.948699495,"social_network"
"111","A1ZH5VWU96MECI",2,3,3,0,2,2,1,0,1.125,1,2,1,0,0,"low",0.431976353,-1.338144888,-2.602039993,0.942762374,-1.401759522,"social_network"
"112","A1ZJE1T7Q75321",7,22,7,15,7,5.5,0.785714286,0.214285714,0.446084601,5,2.2,1.14718614718615,8.03030303030303,0.111111111,"low",0.418226879,-0.126861329,0.091208952,2.854330669,-0.766316282,"social_network"
"113","A1ZSF0TMW419EK",3,6,2,4,3,3,1,0,0.822777778,2,1,2.4,7.2,0,"low",0.416981946,-0.20704344,0.239770147,2.302841056,-1.269946505,"social_network"
"114","A207IHY6GERCFO",5,11,6,5,5,3.666666667,0.733333333,0.266666667,0.486397077,1,4.6,0.721739130434783,0.826086956521739,1.055555556,"high",0.458915554,-0.201460977,-1.85233527,0.999051207,-0.089786951,"social_network"
"115","A20NFVAEJ1UFZ3",12,29,22,7,9,5.8,0.644444444,0.355555556,0.330626309,6,4.5,0.987654320987654,4.94074074074074,3.166666667,"high",0.603365673,0.005813519,0.997984798,-1.84786711,-1.994145856,"social_network"
"116","A20YGFCRNDTD6",5,15,9,6,5,5,1,0,0.631829649,1,2.4,1.1,3.83333333333333,1.055555556,"high",0.610085659,-0.036367535,0.989855616,-1.716312213,-1.968066039,"social_network"
"117","A21JMLYH0P47QV",5,11,5,6,5,3.666666667,0.733333333,0.266666667,0.544653635,3,3.4,1.1,4.55882352941176,2.388888889,"high",0.439042172,-0.643402238,-1.972311061,0.86823698,-0.210051467,"social_network"
"118","A21Q7FCKM86VL8",5,8,4,4,5,2.666666667,0.533333333,0.466666667,0.435555556,2,3.2,0.65,2.125,0.055555556,"low",0.508999472,-0.237233616,-1.193360079,1.251278699,0.287445328,"social_network"
"119","A21Y7K669KM1PR",7,16,6,10,7,4,0.571428571,0.428571429,0.38000467,3,2.6,1.05311355311355,6.6025641025641,0.277777778,"low",0.476178582,-0.105871087,-0.984368607,2.297242442,-0.688444594,"social_network"
"120","A22012GC5JSH0C",4,9,4,5,4,3.6,0.9,0.1,0.713548174,2,1,1.45,4.8,0.388888889,"low",0.428454036,-0.050637629,-1.865571843,1.665483379,-0.839908133,"social_network"
"121","A233K1XWQ4JOHJ",15,58,32,26,12,8.923076923,0.743589744,0.256410256,0.311729972,6,1.6,1.59114583333333,13.78125,0.444444444,"low",0.624516237,-0.094349924,0.957203028,-1.349525519,-1.935074934,"social_network"
"122","A235DXY5FJN0IW",8,8,4,4,8,1.777777778,0.222222222,0.777777778,0.138888889,0,1,1,4,2.388888889,"high",0.458643577,0.143191476,-1.292978106,1.885948929,-0.839723435,"social_network"
"123","A2389DERMNF3ZB",7,16,7,9,7,4,0.571428571,0.428571429,0.459430681,4,1.8,0.825396825396825,3.44444444444444,0.222222222,"low",0.461844522,-0.181937881,-0.893360269,1.212584543,0.588175087,"social_network"
"124","A248LF7KKHXZ14",4,8,4,4,4,3.2,0.8,0.2,0.724537037,2,2,1.2,2,0,"low",0.462863009,-0.053106538,-2.243950047,0.879235972,-0.381086957,"social_network"
"125","A248QG4DPULP46",5,9,5,4,5,3,0.6,0.4,0.516059028,2,2.2,1.14545454545455,3.09090909090909,0.166666667,"low",0.637140643,-0.011637664,0.950978823,-0.936158665,-1.843326061,"social_network"
"126","A24FAL69IKL8RA",13,40,17,23,13,5.714285714,0.43956044,0.56043956,0.240545244,2,1.2,0.833333333333333,6.66666666666667,0.166666667,"low",0.521366906,0.093033196,1.207597828,0.776949948,-1.544802594,"social_network"
"127","A24FN5BK5L9I2S",4,10,2,8,4,4,1,0,0.736421131,3,2.5,0.88,3.52,0.055555556,"low",0.441333701,0.105531242,0.383715996,2.38809766,-1.261109419,"social_network"
"128","A24GY3MMDG63PB",5,10,4,6,5,3.333333333,0.666666667,0.333333333,0.611624786,5,4.25,0.956862745098039,1.7843137254902,3.388888889,"high",0.523067881,0.033173433,0.345689583,0.884155874,-0.76342185,"social_network"
"129","A252P9NJHP5QOZ",5,8,3,5,5,2.666666667,0.533333333,0.466666667,0.480577257,2,1.2,0.833333333333333,2.5,0.277777778,"low",0.490316384,-0.072569689,0.104891168,1.723725334,0.57022317,"social_network"
"130","A25N0K40JAZTN1",2,3,0,3,2,2,1,0,1.125,2,4,0.825,1.65,0.055555556,"low",0.445592404,-0.178616943,-0.133962768,2.445118623,-0.5247397,"social_network"
"131","A261NEZSEFSRQI",4,8,5,3,4,3.2,0.8,0.2,0.639104938,3,3,1.1875,1.91666666666667,0,"low",0.473206034,-0.041535955,-1.346366876,1.416813885,-0.037329324,"social_network"
"132","A263Y9ZPYSSTB9",5,11,6,5,5,3.666666667,0.733333333,0.266666667,0.481111111,1,1.8,0.555555555555556,2.77777777777778,1,"low",0.545823322,-0.351446555,-0.73542417,1.343200081,0.758100908,"social_network"
"133","A26OJD9D9I8VPA",3,6,3,3,3,3,1,0,0.75,3,4,0.85,2.55,0.277777778,"low",0.53222489,0.061833312,0.987559999,0.829503769,-1.46669831,"social_network"
"134","A26ZGP2V4T81HL",6,14,4,10,6,4,0.666666667,0.333333333,0.449288409,3,2.4,1.00694444444444,6.04166666666667,1.944444444,"high",0.45899075,-0.974368122,-2.770755205,-0.092818937,-1.850959882,"social_network"
"135","A27W025UEXS1G0",4,6,3,3,4,2.4,0.6,0.4,0.55941358,2,2.6,0.846153846153846,2,0.611111111,"low",0.435779798,-0.287271332,-3.079691932,0.618531586,0.229809421,"social_network"
"136","A27ZW1CY6TMKT8",11,36,16,20,11,6,0.545454545,0.454545455,0.336578416,6,2,1.34545454545455,6.5,0.111111111,"low",0.453765451,-0.481500494,-3.777248454,0.036353169,-1.650200129,"social_network"
"137","A281ASP4WWAN3E",5,13,4,9,5,4.333333333,0.866666667,0.133333333,0.627995001,5,2.75,0.876363636363636,3.2,0.555555556,"low",0.563483696,-0.095025068,-0.329357227,-0.006961228,-0.415545752,"social_network"
"138","A29CNQYJWMJ7G9",4,7,3,4,5,2.333333333,0.466666667,0.533333333,0.437934028,2,2.6,0.769230769230769,3.07692307692308,0,"low",0.543462796,-0.209007264,-0.334220898,0.131729141,-0.366184533,"social_network"
"139","A29DF24JS60P35",5,15,2,13,5,5,1,0,0.636600617,4,2,0.85,4.25,0.277777778,"low",0.556622959,-0.104332544,0.341716878,0.12679917,-1.012869821,"social_network"
"140","A29OIZAIHTFKUV",4,7,1,6,4,2.8,0.7,0.3,0.700680272,3,2.4,0.875,3.08333333333333,0.277777778,"low",0.481989424,-0.235496423,-2.055932255,0.466238207,0.30712262,"social_network"
"141","A2A1FS0KVLJ9ZT",3,6,4,2,3,3,1,0,0.890625,0,1.2,1.27777777777778,0.833333333333333,0,"low",0.490926521,-0.085377296,-0.27493223,2.258557541,0.498982284,"social_network"
"142","A2A5HAPJD18TRU",5,15,8,7,5,5,1,0,0.676295499,5,2,1.58,3.1,0.444444444,"low",0.437706798,-0.875739104,-2.923927409,0.942975928,-1.12207308,"social_network"
"143","A2AAY4VT9L71SY",3,4,1,3,3,2,0.666666667,0.333333333,0.604444444,0,3.8,0.789473684210526,1.78947368421053,0,"low",0.626136697,-0.025569452,0.982506737,-1.294445642,-1.877944014,"social_network"
"144","A2APG8MSLJ6G2K",7,18,6,12,7,4.5,0.642857143,0.357142857,0.4661767,3,3.6,1.33928571428571,6.59722222222222,0,"low",0.497886393,-0.01001757,-1.116887835,1.677474993,0.295519087,"social_network"
"145","A2AU47UQON6TL9",7,11,7,4,7,2.75,0.392857143,0.607142857,0.3612,2,2.4,1.11904761904762,3.25,0.055555556,"low",0.455417518,-1.021825976,-2.810251032,0.563965463,-0.537480129,"social_network"
"146","A2CCHNM5S3OLH3",5,11,8,3,5,3.666666667,0.733333333,0.266666667,0.602569444,2,1.6,1.125,0.75,0.111111111,"low",0.539397798,-0.794718651,-4.139622828,-1.236061563,-1.585507102,"social_network"
"147","A2CCPXIVUG752U",4,6,3,3,4,2.4,0.6,0.4,0.549382716,3,3.4,0.647058823529412,0.588235294117647,1.944444444,"high",0.480788047,-0.0576967,-0.176274204,2.116855281,-0.963810083,"social_network"
"148","A2CEYQH4UDNIEV",8,11,3,8,5,3.666666667,0.733333333,0.266666667,0.672369792,3,1,2.68,8.4,0.166666667,"low",0.532802886,-0.246706516,0.489360926,1.054892423,-1.750288425,"social_network"
"149","A2CF2BD4Q0ZDJN",6,16,9,7,6,4.571428571,0.761904762,0.238095238,0.50560941,5,2,1.07916666666667,3.575,0.111111111,"low",0.54216609,-0.598372636,-1.457907656,-0.237643017,-1.516480596,"social_network"
"150","A2CQ2JDBH0E5G6",5,15,10,5,5,5,1,0,0.609592014,0,3.25,0.307692307692308,0.923076923076923,0.611111111,"low",0.438077354,-1.420726712,-3.083786794,0.733215882,-0.951414118,"social_network"
"151","A2CWNRI11XJ7WX",4,7,3,4,4,2.8,0.7,0.3,0.508680556,2,1.6,1.25,5,0.222222222,"low",0.432522329,-0.0381437,-0.789926983,2.225329739,-0.254010085,"social_network"
"152","A2CY1TSQ3KKP5Q",5,13,2,11,5,4.333333333,0.866666667,0.133333333,0.605114198,2,1.8,1.22222222222222,6.11111111111111,0,"low",0.451796852,-0.190256086,-0.495566201,2.565922166,-0.643495337,"social_network"
"153","A2DD2ATWGPRO36",8,34,16,18,8,7.555555556,0.944444444,0.055555556,0.442103842,7,1.5,1.89166666666667,4.77777777777778,1.222222222,"high",0.454534378,-0.45397569,-0.890546781,1.188473214,0.239803471,"social_network"
"154","A2DNEPVF6DTLGH",5,14,8,6,5,4.666666667,0.933333333,0.066666667,0.587469707,5,3.4,0.694117647058824,2.35294117647059,2.388888889,"high",0.617293948,-0.020669063,0.97253741,-1.466861973,-1.957347528,"social_network"
"155","A2DVCDDVI697QR",5,15,0,15,5,5,1,0,0.648,2,1.6,1,5,0,"low",0.632012009,-0.123838989,0.925993045,-1.108403217,-1.826892484,"social_network"
"156","A2DZW5E52SJ93H",9,45,41,4,9,9,1,0,0.384720579,3,3.6,1.02109053497942,4.09722222222222,0,"low",0.538116555,-0.227224612,-0.290322576,0.065262338,-0.034205199,"social_network"
"157","A2EI075XZT9Y2S",6,19,11,8,6,5.428571429,0.904761905,0.095238095,0.582277092,3,1,1,3,0,"low",0.424578548,-0.671232895,-3.275318236,0.330295207,-0.432093363,"social_network"
"158","A2EJ06OGI9671Q",4,10,1,9,4,4,1,0,0.752072704,4,2.6,1.28846153846154,5.15384615384615,0,"low",0.437280685,-0.109706029,-0.54131678,2.375868828,-0.175299719,"social_network"
"159","A2EK1HDV4I4GSK",3,6,0,6,3,3,1,0,0.925925926,1,1.4,1,3,0.5,"low",0.449077518,-0.826865013,-1.119021056,1.056742819,-0.206034844,"social_network"
"160","A2EKR2ZFO10VMV",7,16,13,3,7,4,0.571428571,0.428571429,0.407795139,0,3.2,0.5,0.5,1.666666667,"low",0.504752432,-0.239607841,-0.601506239,1.06607391,1.541233601,"social_network"
"161","A2ES4ZTH0IATSL",7,13,8,5,7,3.25,0.464285714,0.535714286,0.318191001,2,1.5,1.32222222222222,4.88888888888889,1.777777778,"high",0.371920774,-0.013284993,-0.305789457,2.590587541,0.904755974,"social_network"
"162","A2G7F8S617H0BB",5,15,10,5,5,5,1,0,0.555555556,1,2,1.94,9.7,0.111111111,"low",0.621049307,-0.027043712,1.006566946,-1.46868206,-1.93513703,"social_network"
"163","A2GQ4PAA928DRY",10,11,9,2,10,2,0.2,0.8,0.136822773,1,2,1.16,1.125,1.444444444,"high",0.435829668,-0.092651785,-0.647141679,2.611959896,-0.729097889,"social_network"
"164","A2HHKBW8HQWI66",3,6,0,6,3,3,1,0,0.925925926,3,1,1,3,0,"low",0.467841181,-0.237668376,-2.314388509,0.633037931,-0.304369666,"social_network"
"165","A2HJK77HH1IDTM",5,15,10,5,5,5,1,0,0.664320358,3,2.5,0.850666666666667,0.933333333333333,1,"low",0.439615977,-0.491948964,-2.998001699,0.658449884,-1.276225843,"social_network"
"166","A2I37S7GQR6X1H",6,13,8,5,6,3.714285714,0.619047619,0.380952381,0.444375,2,1.4,0.857142857142857,1.57142857142857,1.055555556,"low",0.481508232,-0.044258236,1.183428576,0.143282206,-1.260663817,"social_network"
"167","A2IOWY2QEZPP99",3,6,3,3,3,3,1,0,1.021701389,3,1.2,1.11111111111111,1,1.277777778,"low",0.478228842,-0.193648931,-1.639085942,1.013772552,0.553057477,"social_network"
"168","A2IQ0QCTQ3KWLT",5,14,4,10,5,4.666666667,0.933333333,0.066666667,0.605585651,4,2.6,1.12307692307692,5.61538461538461,0.055555556,"low",0.621928125,-0.011862423,0.970938215,-1.228157154,-1.919564783,"social_network"
"169","A2J1A9GE02VQHR",12,28,10,18,12,4.307692308,0.358974359,0.641025641,0.217003268,1,1,1.55555555555556,9.46666666666667,0,"low",0.532725862,0.08024941,0.634554011,0.97562656,-1.800897353,"social_network"
"170","A2J5N770I859WE",3,6,0,6,3,3,1,0,0.925925926,3,1,1,3,0,"low",0.45730717,-0.393033682,-2.829698564,0.775869585,-0.312927932,"social_network"
"171","A2JP9IKRHNLRPI",2,3,0,3,2,2,1,0,1.125,2,1,1,2,0,"low",0.52098803,-0.114841348,-0.370006012,1.450159627,0.025806992,"social_network"
"172","A2K70JB39Q2YTT",7,24,4,20,7,6,0.857142857,0.142857143,0.492172053,5,2.4,1.57142857142857,10.1666666666667,0,"low",0.556730938,-0.0305515,0.644031703,-0.071886281,-0.988700217,"social_network"
"173","A2KMJE72HDDVGP",6,21,21,0,6,6,1,0,0.560185185,0,3.8,0.804093567251462,0,2.5,"high",0.604336683,0.009164185,1.001114727,-1.914649067,-1.994086496,"social_network"
"174","A2KRPK3GQR0GA9",5,8,3,5,5,2.666666667,0.533333333,0.466666667,0.381179698,0,2.6,0.661538461538462,2.92307692307692,0,"low",0.589245811,0.025776158,0.631983107,-0.032819477,-1.140384498,"social_network"
"175","A2L5SX9SZKUESP",4,10,0,10,4,4,1,0,0.765625,2,3.8,0.75,3,1.888888889,"high",0.4831359,-0.039586378,-1.506455321,1.12254657,0.132895775,"social_network"
"176","A2LF84L3K71GR2",9,37,28,9,9,7.4,0.822222222,0.177777778,0.393682997,3,3.2,0.930555555555556,2.4375,0.388888889,"low",0.421119582,0.0512533,-1.25458225,2.146413228,0.010168,"social_network"
"177","A2M3FPQF852HW4",4,6,4,2,4,2.4,0.6,0.4,0.44212963,1,1,1,2,0,"low",0.53253775,-0.527912988,-0.829876886,0.206634478,-1.431761134,"social_network"
"178","A2M8KBU123YOM0",2,2,0,2,2,1.333333333,0.666666667,0.333333333,0.5,1,1.6,0.875,1.75,0.166666667,"low",0.472055161,-0.120390863,-0.198630519,2.490157833,-0.452718946,"social_network"
"179","A2MCG5W6LHSRG9",6,18,4,14,6,5.142857143,0.857142857,0.142857143,0.583496215,5,1,1.4,5.8,0.111111111,"low",0.449935068,-0.752726239,-3.257283805,0.348773659,-0.506921423,"social_network"
"180","A2MEK0KK1CTJ7",5,9,4,5,5,3,0.6,0.4,0.435555556,2,3.8,1.05263157894737,5.26315789473684,2.166666667,"high",0.455920572,-0.058623629,0.006935611,2.47480583,0.10423385,"social_network"
"181","A2ML0070M8FDK1",8,33,1,32,8,7.333333333,0.916666667,0.083333333,0.433155268,6,1.8,1.88888888888889,15.1111111111111,0,"low",0.425484699,-0.109421845,-0.165737455,2.631178619,-0.132141703,"social_network"
"182","A2MUCL20GTQJA0",4,10,3,7,4,4,1,0,0.817901235,4,2.2,1.09090909090909,2.18181818181818,0.055555556,"low",0.461548966,-0.586346762,-1.666467972,1.084734042,-0.582396784,"social_network"
"183","A2NT3OQZUUZPEO",9,24,11,13,9,4.8,0.533333333,0.466666667,0.315303914,0,2,1.03703703703704,9.33333333333333,0,"low",0.454033514,-0.054842727,-2.193184891,1.414265696,-0.754603887,"social_network"
"184","A2O67PQ9YKH2FY",12,61,34,27,12,9.384615385,0.782051282,0.217948718,0.29709784,1,4,1.096875,11.0375,1.944444444,"high",0.461497335,-0.017064455,0.251020256,1.917181585,0.023477762,"social_network"
"185","A2OG8XRYJ56HS7",4,5,3,2,4,2,0.5,0.5,0.347222222,0,1,1.05,2.2,0.166666667,"low",0.435497297,-0.076421438,-1.593810589,1.740576049,-0.405585572,"social_network"
"186","A2OPLZU47CO9XE",6,15,5,10,5,5,1,0,0.63053698,4,2.6,1.44615384615385,5.53846153846154,0.166666667,"low",0.5785905,-0.233272855,0.545739023,0.171613949,-0.085280614,"social_network"
"187","A2OXU7SRG0UHM",4,10,6,4,4,4,1,0,0.759753086,0,2.8,0.607142857142857,1.17857142857143,1.222222222,"low",0.546330756,0.013065069,0.645056779,-0.014098614,-0.921537955,"social_network"
"188","A2OZPDMRFZM1BB",5,11,1,10,5,3.666666667,0.733333333,0.266666667,0.617283951,4,3.6,0.277777777777778,1.11111111111111,1.222222222,"high",0.446632768,-0.151295723,0.096541018,2.286918348,-0.686560891,"social_network"
"189","A2PCR8QD4GNB1K",6,20,5,15,6,5.714285714,0.952380952,0.047619048,0.537587264,6,2.4,0.520833333333333,3.125,1.111111111,"low",0.573437108,-0.011783461,0.451412164,0.889433262,-1.563314669,"social_network"
"190","A2PQDK3MLDFXYM",4,7,4,3,4,2.8,0.7,0.3,0.663209877,3,2.2,0.863636363636364,1.87878787878788,0.333333333,"low",0.639679469,-0.027697113,0.95608161,-1.002693887,-1.859423007,"social_network"
"191","A2Q3FS9G8ITCN7",3,6,2,4,3,3,1,0,0.822777778,2,2.4,1.19444444444444,3.58333333333333,0,"low",0.441644584,-0.181771447,-1.196504562,2.054677996,-0.241928041,"social_network"
"192","A2QFZ2524HID2B",6,18,4,14,6,5.142857143,0.857142857,0.142857143,0.571475199,4,3.4,1.15686274509804,5.76470588235294,1.944444444,"high",0.482848697,-0.129115479,-0.058359631,1.810465626,0.10626647,"social_network"
"193","A2R75YFKVALBXE",10,14,13,1,10,2.545454545,0.254545455,0.745454545,0.176939853,0,1,1.66,1.6,0,"low",0.466166463,-0.875944081,-4.082994501,-0.480519029,-1.863517361,"social_network"
"194","A2R99C67XALYWC",12,34,15,19,12,5.230769231,0.435897436,0.564102564,0.288527942,5,2.4,1.16030092592593,9.47916666666667,0.444444444,"low",0.464127127,-0.033756321,0.212557128,1.214170595,-0.200282603,"social_network"
"195","A2S4BU23GT93ZD",6,19,8,11,6,5.428571429,0.904761905,0.095238095,0.561866592,2,3.4,0.696078431372549,2,1.333333333,"high",0.420049195,-0.194170537,0.011099672,2.868323363,-1.086709165,"social_network"
"196","A2S75O867RJG0I",3,3,1,2,3,1.5,0.5,0.5,0.36,0,1,1,2,0.9375,"low",0.409709376,-0.199045725,-0.037995029,2.891144063,-1.232460335,"social_network"
"197","A2SD7GN80U31GW",2,3,0,3,2,2,1,0,1.125,2,1,1,2,0,"low",0.477243349,-0.111446071,-1.491244278,1.271782738,0.556791754,"social_network"
"198","A2SJC9VRBGNC58",9,25,7,18,9,5,0.555555556,0.444444444,0.353230426,5,2.6,1.03418803418803,7.07692307692308,0.611111111,"low",0.542895382,0.022839746,0.445535179,0.48037576,-0.648497869,"social_network"
"199","A2SMXW8QTM2BS5",11,65,12,53,11,10.83333333,0.984848485,0.015151515,0.330686416,1,4,1.08636363636364,11.05,2.611111111,"high",0.599245958,0.006152785,1.007387221,-1.876398654,-1.993375112,"social_network"
"200","A2T007HZK66WM",5,15,3,12,5,5,1,0,0.629849735,5,2.2,0.909090909090909,4.54545454545454,0.277777778,"low",0.445316607,-0.150586355,-0.618540309,2.432782309,-0.778014908,"social_network"
"201","A2THN8O1IQIRP7",5,12,6,6,5,4,0.8,0.2,0.552983631,3,1.8,0.933333333333333,2.77777777777778,0.111111111,"low",0.519574052,-0.130034155,-0.123485897,1.310477793,0.548411791,"social_network"
"202","A2TKFZQRNAZS1L",2,3,1,2,2,2,1,0,1.234567901,0,2,1.8,1.8,0.277777778,"low",0.440049547,-0.266377983,-0.172718277,2.31330972,-0.560516531,"social_network"
"203","A2TLN8489YGY81",5,8,2,6,5,2.666666667,0.533333333,0.466666667,0.416111111,2,2.2,1.10909090909091,5.54545454545454,0.5,"low",0.539922611,-0.338071741,-0.79321324,0.074658273,-0.865545422,"social_network"
"204","A2TXC8Q2IFGRXH",7,25,18,7,7,6.25,0.892857143,0.107142857,0.479564117,3,1.2,1.71428571428571,6.66666666666667,0.055555556,"low",0.436714373,-0.187400351,-0.401061545,2.643723501,-0.807818444,"social_network"
"205","A2U7YH34X0KFXA",5,12,2,10,5,4,0.8,0.2,0.572468506,4,1,1,5,0.055555556,"low",0.457238145,-0.087625916,-1.36206874,1.71706016,-1.335195624,"social_network"
"206","A2UIGDOLX5RV95",3,4,1,3,3,2,0.666666667,0.333333333,0.50617284,0,3.6,1.11111111111111,3.33333333333333,1.277777778,"high",0.454947685,-0.300186603,-2.57493512,0.537680761,-0.047343968,"social_network"
"207","A2V66KLFVJTLKC",5,13,7,6,5,4.333333333,0.866666667,0.133333333,0.602418745,2,1.6,0.625,2.5,0,"low",0.497627002,0.016556936,1.035454183,0.726758592,-1.301469155,"social_network"
"208","A2VE5IV9OD2SK1",5,10,7,3,5,3.333333333,0.666666667,0.333333333,0.526475694,0,1.4,1.87857142857143,4.5,0.166666667,"low",0.46807721,-0.406904858,-1.387518062,1.212331804,0.209266927,"social_network"
"209","A2VNWJU49OOVFC",5,10,3,7,5,3.333333333,0.666666667,0.333333333,0.674816744,3,1.75,1.02857142857143,3.08571428571429,0.055555556,"low",0.47051448,-0.146516855,-0.017543207,2.323006734,-0.481661173,"social_network"
"210","A2W434UNNBRS4L",5,14,9,5,5,4.666666667,0.933333333,0.066666667,0.603151042,0,1,1,3,0.555555556,"low",0.627251686,-0.019337843,0.971869977,-1.266220703,-1.910431852,"social_network"
"211","A2W5MSZP0O4Y2P",2,3,0,3,2,2,1,0,1.125,2,5,0.925,1.85,0,"low",0.427018582,-0.234188457,0.185776254,2.729663322,-0.986440577,"social_network"
"212","A2W5RJFHZRE8IS",5,15,0,15,5,5,1,0,0.648,0,3,1,5,0,"low",0.61232863,0.002858861,0.983473738,-1.707308651,-1.972797521,"social_network"
"213","A2W8TJXW68442D",6,18,12,6,6,5.142857143,0.857142857,0.142857143,0.554864871,4,2.2,1.15909090909091,3.31818181818182,0.611111111,"low",0.461797896,0.064204482,-0.467668192,2.280686239,0.2642206,"social_network"
"214","A2WNW8A4MOR7T7",6,13,7,6,6,3.714285714,0.619047619,0.380952381,0.504612483,1,1.4,0.777777777777778,2.28571428571429,0.888888889,"low",0.455954871,0.148456879,0.401253932,2.458833075,-0.806636438,"social_network"
"215","A2WQTXH9WEQDGI",5,12,10,2,5,4,0.8,0.2,0.623582766,2,1,1,2,0.277777778,"low",0.63545676,0.001205154,0.968436818,-1.040794565,-1.869548155,"social_network"
"216","A2WROT8QGFDS86",7,21,9,12,7,5.25,0.75,0.25,0.442668873,2,3.33333333333333,1.01357142857143,5.445,2.166666667,"high",0.612947422,-0.039132829,0.965418408,-1.691773832,-1.964853715,"social_network"
"217","A2WVCXVSE0YGML",12,45,21,24,12,6.923076923,0.576923077,0.423076923,0.295130757,6,1.2,1.10648148148148,8.27777777777778,0.555555556,"low",0.460845034,-0.361910004,-1.791187257,1.015244402,0.742693902,"social_network"
"218","A2XK59FYAFO9EX",5,10,5,5,5,3.333333333,0.666666667,0.333333333,0.668718821,2,2,1.68,3.7,0,"low",0.395444509,-0.153565565,0.289731732,2.763295054,-1.028516128,"social_network"
"219","A2XQ3CFB5HT2ZQ",3,4,0,4,3,2,0.666666667,0.333333333,0.611111111,2,1.4,1.38095238095238,4.14285714285714,0.055555556,"low",0.408261494,-0.39742603,-2.696551987,1.392036985,-1.373839315,"social_network"
"220","A2YFTTVAH9AFXU",6,16,1,15,6,4.571428571,0.761904762,0.238095238,0.543801653,5,1.8,1.62962962962963,8,0.055555556,"low",0.476299414,-0.004782713,-1.654102492,1.038319015,-0.118643577,"social_network"
"221","A2ZZW6KME1FUDU",6,11,7,4,6,3.142857143,0.523809524,0.476190476,0.356911111,1,3,0.608333333333333,2.98333333333333,0,"low",0.45059551,-0.424138367,-0.388780224,1.494562921,-0.529553147,"social_network"
"222","A3095ABT1L25QK",8,27,8,19,8,6,0.75,0.25,0.430696099,5,1,1,6,0,"low",0.643187902,-0.101465772,0.883811908,-0.787087404,-1.740013324,"social_network"
"223","A311A0TCGNTFKK",5,8,2,6,5,2.666666667,0.533333333,0.466666667,0.552083333,3,1,1.56,4.6,0.222222222,"low",0.450614313,-0.14199339,-0.865044393,2.243589879,-0.977776711,"social_network"
"224","A31842X2M9HQ4O",5,15,6,9,5,5,1,0,0.672775278,5,3,0.483333333333333,1.75,0,"low",0.47478371,-0.236768666,-0.145818622,2.498396997,-0.550122245,"social_network"
"225","A32QFJTK9LJXLR",7,19,8,11,7,4.75,0.678571429,0.321428571,0.411073575,2,1.2,1.4047619047619,9.83333333333333,0.611111111,"low",0.430598873,-0.659624154,-2.987610994,0.744037217,-1.126680339,"social_network"
"226","A32W24TWSWXW",4,7,3,4,4,2.8,0.7,0.3,0.52,1,1,1,4,0,"low",0.458687755,-0.317698529,-3.162392,0.601389093,-1.19166924,"social_network"
"227","A33FNF55EK9Y3Z",10,16,10,6,10,2.909090909,0.290909091,0.709090909,0.260310374,3,2.8,1.06428571428571,4.21428571428571,0.722222222,"low",0.626465366,-0.032511591,0.947562299,-1.238620603,-1.831816815,"social_network"
"228","A33Z6BHAJUGCHY",3,6,2,4,3,3,1,0,0.822777778,1,1,1.06666666666667,3.2,0.055555556,"low",0.449712012,-0.435974912,-1.174941401,2.113745395,0.166668015,"social_network"
"229","A34YKQXWOMUZRC",10,33,7,26,10,6,0.6,0.4,0.372120479,5,3.2,0.7875,2.125,2,"high",0.472833275,-0.170293334,-1.163594051,1.913992768,-0.502906406,"social_network"
"230","A351P2O6QGTCS",4,10,0,10,4,4,1,0,0.765625,4,1,4.2,16.8,0,"low",0.398385998,-0.059655093,0.070035563,3.094971157,-1.717811449,"social_network"
"231","A35K3YVCX1LVPE",6,21,10,11,6,6,1,0,0.537417802,3,3.4,0.919117647058824,4.63235294117647,0,"low",0.601539292,-0.064711463,0.316283299,-0.33582507,-0.439146739,"social_network"
"232","A36CZ0F88ELFWF",2,3,1,2,2,2,1,0,0.888888889,1,1.4,0.857142857142857,1.71428571428571,0.055555556,"low",0.466833486,-0.066358407,-0.549568697,1.565549836,0.094826608,"social_network"
"233","A36DK84J5YJ942",2,2,1,1,2,1.333333333,0.666666667,0.333333333,0.555555556,1,3,0.833333333333333,0.933333333333333,1.611111111,"high",0.477237191,-0.089556052,-0.210873227,1.881302502,0.749543963,"social_network"
"234","A36GTTPW17HUL1",3,5,1,4,3,2.5,0.833333333,0.166666667,0.933333333,0,1,1,2,0,"low",0.415831571,0.046213574,-0.455625517,2.515626666,-0.817686322,"social_network"
"235","A36IO8HVVL5WTZ",6,15,10,5,6,4.285714286,0.714285714,0.285714286,0.488548823,1,3.4,0.529411764705882,1.35294117647059,0.611111111,"low",0.570381752,-0.116706403,0.304054875,0.052955935,-0.37618758,"social_network"
"236","A36Z98LFRR041Q",6,17,5,12,6,4.857142857,0.80952381,0.19047619,0.506389264,3,3,1.11111111111111,6.66666666666667,0.222222222,"low",0.480383001,-0.101284142,-0.836627109,1.50727145,0.382032093,"social_network"
"237","A37AWU2VH1ZIXX",2,3,1,2,2,2,1,0,1.234567901,0,1.8,2.44444444444444,2.33333333333333,0.055555556,"low",0.459143073,-0.547994681,-0.859109061,1.398520654,0.186464392,"social_network"
"238","A3822BB341LIB2",5,15,9,6,5,5,1,0,0.660703125,0,1.6,1.25,3.75,0,"low",0.41092611,-0.262111069,-0.238125329,2.539815005,-0.691290306,"social_network"
"239","A38E1DWG5IF0KL",3,6,3,3,3,3,1,0,0.8525,3,1,1.4,2.8,1.277777778,"low",0.603489881,-0.029539201,0.974976949,-1.918256604,-2.007281171,"social_network"
"240","A38KHY10NNFR7Z",9,37,25,12,9,7.4,0.822222222,0.177777778,0.38706985,3,3.6,1.25771604938272,8,1.5,"high",0.481349377,0.013250594,-0.386278466,2.492940455,-0.705393051,"social_network"
"241","A3908297ZI3LES",2,3,2,1,2,2,1,0,1.00308642,0,2.4,1.125,1.33333333333333,0,"low",0.447920954,-0.006099143,-1.272070937,1.459901865,-0.296165244,"social_network"
"242","A394S7JSNUA3TS",5,9,4,5,5,3,0.6,0.4,0.531445313,1,1.4,1.14285714285714,3.42857142857143,0.555555556,"low",0.407374895,-1.025819391,-2.825823446,1.260340499,-0.378007105,"social_network"
"243","A397HP5TSIF2LO",7,13,9,4,7,3.25,0.464285714,0.535714286,0.375711111,2,2.25,1.15132275132275,3.75555555555556,1.277777778,"high",0.471594194,-0.372904231,-1.536123511,1.266464839,0.357536493,"social_network"
"244","A39C1BN9ZSQ0R2",8,32,23,9,8,7.111111111,0.888888889,0.111111111,0.450417272,6,2.2,1.05681818181818,4.18181818181818,0.333333333,"low",0.476833865,-0.273767896,-0.930066435,1.122942681,1.485959015,"social_network"
"245","A39C210BKD7YNN",3,6,2,4,3,3,1,0,0.822777778,3,3.6,1.05555555555556,3.16666666666667,0.166666667,"low",0.481850343,0.046621933,0.00196656,2.621301482,-0.535195605,"social_network"
"246","A39CG6GXC2ZJXB",8,30,20,10,8,6.666666667,0.833333333,0.166666667,0.43211667,5,2,1.5,3,2.111111111,"low",0.556553266,-0.151764511,0.314011781,0.354969102,-0.585392355,"social_network"
"247","A3A6IHRYUR9STO",5,14,8,6,5,4.666666667,0.933333333,0.066666667,0.633648856,1,1,1,2,0.055555556,"low",0.48003425,-0.081443497,-0.301918588,2.00216471,0.077393559,"social_network"
"248","A3A8P4UR9A0DWQ",6,21,9,12,6,6,1,0,0.526748971,3,1,1,6,0,"low",0.441121894,0.081283747,-1.062079262,2.130192077,-1.624615276,"social_network"
"249","A3B7TNVOISSZ2O",7,15,7,8,5,5,1,0,0.593472222,3,1.2,1.03333333333333,5.16666666666667,0,"low",0.419658784,-0.051493098,-1.0215454,2.310396464,0.292003657,"social_network"
"250","A3B8DP6KHMP3OS",4,10,7,3,4,4,1,0,0.761188272,0,1,1,2,0.111111111,"low",0.465186027,-0.19955655,-1.645832132,1.429216784,0.027677731,"social_network"
"251","A3BJNFU4T7RU11",8,26,20,6,8,6,0.75,0.25,0,3,2.6,1.15384615384615,5.61538461538461,0.722222222,"low",0.444814324,-0.719270787,-1.277721039,1.419170074,0.164334956,"social_network"
"252","A3BJTC39BU7R4V",5,9,5,4,5,3,0.6,0.4,0.549479167,3,1,1.42,4.2,0,"low",0.468152433,-0.067989571,-1.260554126,1.549621619,-0.214830851,"social_network"
"253","A3BWB2PMOZY5MP",5,7,3,4,5,2.333333333,0.466666667,0.533333333,0.353223594,0,4.8,0.949305555555556,3.84375,0,"low",0.452179855,-0.275157578,0.192850621,2.401214018,-0.330219874,"social_network"
"254","A3BWZ6V34W8SXX",9,29,17,12,9,5.8,0.644444444,0.355555556,0.349936284,5,1,1,6,0,"low",0.467950909,-0.474890642,-2.445122604,0.949643407,-0.186062171,"social_network"
"255","A3C0E8S182VF8Y",7,28,22,6,7,7,1,0,0.501895355,7,3.2,0.3125,0.625,1.722222222,"high",0.612703165,-0.029665316,0.998339043,-1.63871345,-1.95108074,"social_network"
"256","A3C0LPVN749UF3",10,21,8,13,8,4.666666667,0.583333333,0.416666667,0.376644506,3,1,1.65,11.2,0,"low",0.537404742,-0.936035927,-0.816712629,0.104504745,-1.0200499,"social_network"
"257","A3CQET3D3CGF34",8,22,9,13,7,5.5,0.785714286,0.214285714,0.479737303,4,1.2,1.92261904761905,9.29166666666667,0,"low",0.467662371,0.005802714,-0.572437519,2.048349891,-1.261134889,"social_network"
"258","A3D38UO96N9SB0",6,11,6,5,6,3.142857143,0.523809524,0.476190476,0.389125,1,2.6,0.908119658119658,4.13461538461538,0.166666667,"low",0.464134122,-0.422839003,-2.162625662,1.105045881,-0.550900104,"social_network"
"259","A3DQL1IS7JPEL8",6,18,6,12,6,5.142857143,0.857142857,0.142857143,0.529305941,5,3.4,0.843137254901961,3.52941176470588,1.222222222,"low",0.509524884,-0.503901841,-0.940760373,1.041810381,0.117278769,"social_network"
"260","A3E50NZCJNLDG1",4,10,1,9,4,4,1,0,0.752072704,4,3.5,1.1547619047619,4.61904761904762,1.388888889,"high",0.474392161,-0.100638427,-0.675025899,1.719767753,0.124474455,"social_network"
"261","A3EYRDEQ7CXUMN",5,9,5,4,5,3,0.6,0.4,0.512326389,1,1,1.08,3.4,0.111111111,"low",0.431049535,-0.07842624,-0.531931087,2.36761725,-0.46504214,"social_network"
"262","A3F90N8YVKJ4I7",2,3,0,3,2,2,1,0,1.125,2,2,1,2,0,"low",0.564737915,-0.28360617,-0.033855423,0.168461069,-0.119066141,"social_network"
"263","A3FJCLBK3HF4PD",3,5,1,4,3,2.5,0.833333333,0.166666667,0.751234568,2,2.2,1.40151515151515,4.20454545454545,1.388888889,"low",0.456825987,-0.104008135,-1.677830303,1.417895242,-0.513173496,"social_network"
"264","A3GPTSDDHJ2DBV",5,12,3,9,5,4,0.8,0.2,0.579004787,2,1,1.4,7,0.055555556,"low",0.418448991,-0.020831565,-1.513667941,1.904202082,-0.050453621,"social_network"
"265","A3GZ1GJ00K5GVR",7,20,8,12,7,5,0.714285714,0.285714286,0.489290379,0,1,1.08571428571429,4.6,0.055555556,"low",0.469866257,0.022444512,-0.060305524,2.630065791,-0.264608048,"social_network"
"266","A3H2Y9ZTY867J3",5,11,6,5,5,3.666666667,0.733333333,0.266666667,0.586829914,3,2,1,3,0,"low",0.428743039,-0.251605733,-1.545367997,1.253653747,0.08024897,"social_network"
"267","A3HL2LL0LEPZT8",6,12,0,12,6,3.428571429,0.571428571,0.428571429,0.395833333,4,1.8,1.2962962962963,7.77777777777778,0.277777778,"low",0.415406686,0.021880663,-0.7356172,2.18716119,-0.03619227,"social_network"
"268","A3J55BJGV95JKH",3,4,0,4,3,2,0.666666667,0.333333333,0.611111111,1,1.4,1.76190476190476,5.28571428571429,0.166666667,"low",0.473362137,-0.027769492,-0.556546212,1.730514902,-0.643852568,"social_network"
"269","A3JSDZMBS8L87S",2,3,1,2,2,2,1,0,1.234567901,1,1,1.875,2,0.166666667,"low",0.455374019,0.059827809,-0.398004685,2.166407864,-0.037477142,"social_network"
"270","A3KFFIBJZVM0J2",5,10,4,6,5,3.333333333,0.666666667,0.333333333,0.476088889,1,1.4,0.857142857142857,4.28571428571429,0,"low",0.412312814,-0.651130797,-3.147303795,0.805941518,-0.371941886,"social_network"
"271","A3LNM77PCQOTHJ",5,9,1,8,5,3,0.6,0.4,0.475555556,1,3.6,0.666666666666667,3.33333333333333,1.277777778,"low",0.465322071,-0.397207682,-4.096605388,-0.498828907,-1.652754566,"social_network"
"272","A3M81P9BEVE1GD",8,27,7,20,8,6,0.75,0.25,0.413127413,6,4.66666666666667,0.987946428571428,6.93928571428571,3,"high",0.526509499,-0.132909375,-0.797529952,1.606715047,0.331234407,"social_network"
"273","A3NBLSA78ZXDNP",6,16,5,11,6,4.571428571,0.761904762,0.238095238,0.542234966,2,1.8,0.925925925925926,4.62962962962963,0,"low",0.548203792,-0.032199144,0.645226727,0.143686073,-1.282510058,"social_network"
"274","A3O0QZQ4V2IXT7",5,15,9,6,5,5,1,0,0.569659864,3,2.8,1.2,6,0.277777778,"low",0.450607467,-0.466962839,-2.018460205,1.137329301,0.002723016,"social_network"
"275","A3P7AXWF57BHNX",3,6,4,2,3,3,1,0,0.802222222,2,2.4,0.944444444444445,1.91666666666667,1.111111111,"low",0.456532081,0.010002639,-1.061796779,1.385732008,0.009488379,"social_network"
"276","A3PFB892WE3BV5",7,21,15,6,7,5.25,0.75,0.25,0.45443102,1,1.6,0.982142857142857,4.875,0,"low",0.446538737,0.051019157,-0.268934748,2.102422244,-0.644851,"social_network"
"277","A3PLJLUKN3PEA2",8,17,11,6,6,4.857142857,0.80952381,0.19047619,0.554703247,5,1.6,1.08159722222222,2.25,0,"low",0.444545584,-0.628350931,-2.958432718,0.598152938,-0.540202744,"social_network"
"278","A3QN9B9ZS1CWWM",5,12,4,8,5,4,0.8,0.2,0.541133787,1,1,1.17,5.85,0,"low",0.469739432,-0.344704881,-1.450956586,0.624761914,-0.118907082,"social_network"
"279","A3R55C67WKDZKO",5,15,7,8,5,5,1,0,0.593596939,5,1.4,1.39285714285714,6.96428571428571,0,"low",0.464548878,-0.752393184,-2.05459035,0.734053478,-0.063602851,"social_network"
"280","A3R97T5D3RR9JX",9,26,9,17,9,5.2,0.577777778,0.422222222,0.389556731,5,3.2,0.569444444444444,2.0625,2.222222222,"low",0.529163847,0.070304214,1.097967148,0.760856959,-1.099898885,"social_network"
"281","A3RCX3IQ8L6HHW",9,31,11,20,9,6.2,0.688888889,0.311111111,0.392459642,3,2,1.14444444444444,5.6,0.111111111,"low",0.45217937,-0.156704734,-2.032592766,0.915444583,0.380489698,"social_network"
"282","A3RDH0U2H6JCBC",3,6,3,3,3,3,1,0,0.75,3,4.6,0.939613526570048,2.81884057971015,0.166666667,"low",0.455910226,-0.102265026,0.086738195,2.525784941,-0.495315318,"social_network"
"283","A3RWA3Z313T7FF",9,19,12,7,6,5.428571429,0.904761905,0.095238095,0.536812698,3,1.2,1.45833333333333,6.25,0.111111111,"low",0.615420906,0.010921167,1.002397576,-1.484482945,-1.941714319,"social_network"
"284","A3S9X2BXG4QPIL",4,10,2,8,4,4,1,0,0.736421131,4,3,1.05555555555556,4.22222222222222,0.166666667,"low",0.439895235,0.096426434,-0.277761703,2.071214548,-0.35544884,"social_network"
"285","A3SFNY43VM330P",8,20,13,7,7,5,0.714285714,0.285714286,0.4244393,1,2.8,1.07142857142857,5.92857142857143,0.444444444,"low",0.5311968,-0.175124698,-0.073300372,0.132725261,-0.685061488,"social_network"
"286","A3SOZYQZWJOOYS",5,12,1,11,5,4,0.8,0.2,0.578919753,0,1.2,0.833333333333333,4.16666666666667,0.111111111,"low",0.620120414,-0.093448925,0.958376345,-1.435118843,-1.941693425,"social_network"
"287","A3U21PUMQ6NGT2",3,6,3,3,3,3,1,0,0.915022222,2,2.2,1.21212121212121,2.54545454545455,0.277777778,"low",0.438582931,-0.043577932,-0.545462883,2.524450335,-0.651661991,"social_network"
"288","A3UC8KZ5O8FVX9",9,29,20,9,9,5.8,0.644444444,0.355555556,0.382744502,4,1.8,0.753086419753086,2.11111111111111,1.388888889,"low",0.457090377,-0.320040577,-2.315373821,1.134178089,-0.342024385,"social_network"
"289","A3UV55HC87DO9C",8,23,8,15,8,5.111111111,0.638888889,0.361111111,0.372558233,4,2.4,1,8,1.222222222,"high",0.585648054,-0.01535315,0.418808823,0.316570615,-0.438669085,"social_network"
"290","A3V2XCDF45VN9X",9,25,17,8,9,5,0.555555556,0.444444444,0.328660253,3,2.2,0.95959595959596,3.90909090909091,0.888888889,"low",0.431226086,-0.016150265,0.83805592,1.638547459,0.410100416,"social_network"
"291","A3VA5BS033GXU0",7,17,7,10,7,4.25,0.607142857,0.392857143,0.405872781,2,1,1,6,0,"low",0.429715489,0.138680979,0.07406936,2.88379011,-1.576063557,"social_network"
"292","A3VTOW7WLPTBRR",3,6,4,2,3,3,1,0,0.802222222,3,1,1,2,0.111111111,"low",0.460224827,-0.257864086,-0.953805456,1.68831006,0.209483739,"social_network"
"293","A3W1CKM4PBLRC0",5,11,7,4,5,3.666666667,0.733333333,0.266666667,0.559040799,2,2.6,1,2.17948717948718,0.388888889,"low",0.625943967,-0.043373198,0.977312039,-1.267955209,-1.856433261,"social_network"
"294","A4CHLWPHZIP7Y",4,10,5,5,4,4,1,0,0.669444444,2,1,1.65,6.6,0.333333333,"low",0.443998752,-1.142478422,-3.146681661,0.41765119,-1.647846081,"social_network"
"295","A4IH4CO046EV3",3,6,0,6,3,3,1,0,0.925925926,3,3.2,1.0625,3.1875,0,"low",0.446066142,-0.40443078,-2.080887375,1.344133165,-0.551492358,"social_network"
"296","A4WBW7FVQASZE",11,32,16,16,11,5.333333333,0.484848485,0.515151515,0.271861163,1,1.4,1.18181818181818,6.85714285714286,0.444444444,"low",0.452687519,-0.711054386,-2.845728788,0.785669938,-0.597831582,"social_network"
"297","A5TMU62U5FE5K",3,5,3,2,3,2.5,0.833333333,0.166666667,0.741111111,1,1.8,0.796296296296296,1.69444444444444,0.055555556,"low",0.486429288,-0.126349405,-0.247958222,2.234513213,0.914740703,"social_network"
"298","A5Z9DOJRPICW1",9,23,11,12,9,4.6,0.511111111,0.488888889,0.338205295,3,4,0.872222222222222,6.05,0.111111111,"low",0.521908535,-2.14e-05,0.850769352,0.352272701,-1.85300771,"social_network"
"299","A68J20100VW4W",8,27,18,9,8,6,0.75,0.25,0.423818146,4,2.4,1.09722222222222,7.25,0.055555556,"low",0.477369194,-0.791601317,-2.910652483,-0.224875459,-1.534781352,"social_network"
"300","A6KOTWP7N7RLU",6,21,16,5,6,6,1,0,0.549046779,0,1,1.2,3.6,0,"low",0.502914326,-0.965849445,-1.808465305,1.025769843,-0.35408487,"social_network"
"301","A70L26UXLTGLC",6,12,5,7,6,3.428571429,0.571428571,0.428571429,0.430709877,1,2.2,0.893939393939394,2.63636363636364,0,"low",0.434627813,-0.220344935,-0.157098552,1.503933289,-0.354006571,"social_network"
"302","A7204W9E8IR1R",5,12,5,7,5,4,0.8,0.2,0.65057274,1,2.4,0.645833333333333,2.39583333333333,0.444444444,"low",0.414086091,0.169655537,-0.459443436,2.115708492,-1.259836692,"social_network"
"303","A770OB1ZAGJ4G",5,15,10,5,5,5,1,0,0.658446712,2,1.8,0.555555555555556,1.11111111111111,2.277777778,"high",0.432509344,-0.188185414,-0.127284798,3.031147348,-1.439393034,"social_network"
"304","A77K8W55MJEKX",5,8,4,4,5,2.666666667,0.533333333,0.466666667,0.510850694,2,3.6,0.511111111111111,1.11111111111111,0.611111111,"low",0.519042783,-0.376501555,0.600073857,0.878897835,-1.911584017,"social_network"
"305","A7ERZELTAMWL5",5,9,6,3,5,3,0.6,0.4,0.489954649,1,2.6,0.876923076923077,2.07692307692308,0.388888889,"low",0.449858364,-0.458485311,-1.178135091,1.820809015,-0.946730117,"social_network"
"306","A7TI4X4LRGQA0",3,6,2,4,3,3,1,0,0.946722222,0,2.8,0.595238095238095,1,0.111111111,"low",0.547679014,-0.133658544,0.734129586,0.847393979,-1.618542811,"social_network"
"307","A82RLSJJXBKE8",7,15,7,8,7,3.75,0.535714286,0.464285714,0.418693201,5,3,0.793650793650794,3.88888888888889,0.055555556,"low",0.434539002,0.013778295,0.156941734,2.179172183,-0.443953734,"social_network"
"308","A8RDXT4ZILHQT",5,7,5,2,5,2.333333333,0.466666667,0.533333333,0.345238095,1,2,0.82,1.8,0.222222222,"low",0.448414868,-0.331922614,-1.686848667,1.171171234,0.666669375,"social_network"
"309","A8VAYDSZ6Z6K4",12,48,30,18,10,8.727272727,0.872727273,0.127272727,0.366167998,7,1.6,0.640625,3.125,0.055555556,"low",0.4910707,0.010386275,-1.007604605,1.472988805,0.51021181,"social_network"
"310","A9ZCY6FLUCIU1",3,6,2,4,3,3,1,0,0.822777778,1,1,1,3,0.166666667,"low",0.475797492,-1.11146584,-2.708130008,0.235216225,-1.331321303,"social_network"
"311","AA1IM0SAQ3XFM",15,62,31,31,15,7.75,0.516666667,0.483333333,0.241506596,3,2.8,0.827380952380952,8.27380952380952,0.666666667,"low",0.634636668,-0.013480429,0.966142389,-1.043508104,-1.872714032,"social_network"
"312","AB66CTVQ90RCV",3,5,2,3,3,2.5,0.833333333,0.166666667,0.655864198,1,3.2,0.8125,2.4375,0,"low",0.450563106,-0.059895285,-0.9023098,2.077039986,0.205904222,"social_network"
"313","ABBP9JASL9AGK",4,9,5,4,4,3.6,0.9,0.1,0.699954649,3,1,2.45,8.2,0,"low",0.434315364,-0.188475955,-3.45238823,0.744360274,-0.885728327,"social_network"
"314","ABX5OQLR6UNBC",3,5,1,4,3,2.5,0.833333333,0.166666667,0.751234568,2,1,1,3,0,"low",0.448638171,-0.151969968,-0.351561861,2.477283681,-0.184824756,"social_network"
"315","ACFPXI6LMHSZU",6,14,8,6,6,4,0.666666667,0.333333333,0.579600694,2,1,1,2,0,"low",0.476022191,-0.555610354,-2.036046032,0.988668964,-0.116299246,"social_network"
"316","ADXRJFEHIDXRE",7,22,4,18,7,5.5,0.785714286,0.214285714,0.481558476,5,1.6,0.767857142857143,4.75,0.222222222,"low",0.425464355,-0.205772933,-0.638425743,2.115786942,-0.462607413,"social_network"
"317","AGB57MX9TVKND",11,38,29,9,11,6.333333333,0.575757576,0.424242424,0.332940441,0,2.4,1.33333333333333,5.25,0.277777778,"low",0.445773693,-0.282665601,-0.510180912,2.112038114,0.024663529,"social_network"
"318","AGKCK081EU63R",3,6,3,3,3,3,1,0,0.75,0,1.6,1.375,4.125,1,"low",0.457855043,-0.370111889,-1.508511852,0.654649289,-0.114333903,"social_network"
"319","AH00EJ6PK1H3A",4,10,7,3,4,4,1,0,0.72650463,1,2,1,2,0,"low",0.460908151,-0.348955199,-1.202214593,0.746197273,0.618564799,"social_network"
"320","AH7Z2M3KSQ4DW",3,5,3,2,3,2.5,0.833333333,0.166666667,0.741111111,1,4,0.979166666666667,1.9375,0.5,"low",0.449050708,-0.190861872,-1.083082484,2.347428362,-0.564879279,"social_network"
"321","AI9QOT5C5DN1P",5,15,11,4,5,5,1,0,0.601619544,0,1,1,3,0.166666667,"low",0.413658003,-0.000848097,0.513487409,2.262636703,0.698755389,"social_network"
"322","AIC4VOWTMZODB",6,14,9,5,6,4,0.666666667,0.333333333,0.470386111,1,1.2,0.833333333333333,3.33333333333333,0.333333333,"low",0.533416986,-0.294008004,-0.395848676,1.489314458,-0.877874425,"social_network"
"323","AICQCMWNGVOPH",9,20,12,8,9,4,0.444444444,0.555555556,0.262966646,1,2.8,0.876984126984127,4.67857142857143,0.388888889,"low",0.438918528,-0.344438346,-2.536365601,0.919513992,0.533047185,"social_network"
"324","AIHHRINW9IN1I",3,6,2,4,3,3,1,0,0.822777778,3,2,1.06666666666667,3.2,0,"low",0.466449932,-0.687836666,-3.991400995,-0.369185739,-1.191238397,"social_network"
"325","AIOLG7U4ZM44P",6,15,7,8,5,5,1,0,0.648233281,5,3.6,0.844444444444444,2.55555555555556,0,"low",0.468512253,-0.400150521,-2.551869691,0.969168438,-0.100181145,"social_network"
"326","AIQM86IRETAJN",8,30,15,15,8,6.666666667,0.833333333,0.166666667,0.429614898,6,3.6,0.986111111111111,5,2.166666667,"high",0.476580708,0.005797922,-0.324152248,2.529730668,-0.405237624,"social_network"
"327","AJAKX491SGILM",5,15,4,11,5,5,1,0,0.621629189,5,1,1,5,0,"low",0.471612518,-0.112771123,-1.171500555,1.120055555,-0.224541185,"social_network"
"328","AK1PBMID4RD59",5,11,8,3,5,3.666666667,0.733333333,0.266666667,0.562358277,2,1.4,0.742857142857143,1.42857142857143,0.555555556,"low",0.451834836,-0.067006523,-0.843897379,1.744377236,0.007946126,"social_network"
"329","AKQAI78JTXXC9",7,16,9,7,7,4,0.571428571,0.428571429,0.44753809,3,3.4,0.941176470588235,3.52941176470588,1.388888889,"high",0.634453914,-0.027084404,0.96440635,-1.124245045,-1.863388477,"social_network"
"330","AKX9W0NF71OI7",2,3,1,2,2,2,1,0,1.234567901,2,2.4,1.29166666666667,1.33333333333333,0.055555556,"low",0.439287176,-0.021917994,-0.638767681,2.047540121,0.313564462,"social_network"
"331","AMELYCC59JKB0",5,9,4,5,5,3,0.6,0.4,0.489849108,2,4.2,0.961904761904762,3.61904761904762,1.611111111,"high",0.538417056,-0.313813046,0.392181985,0.977654049,-1.757861817,"social_network"
"332","AMJBPEANFZDMH",8,32,15,17,8,7.111111111,0.888888889,0.111111111,0.408584456,6,2.5,1.56833333333333,12.5466666666667,1.444444444,"high",0.619953162,-0.003021648,0.992247184,-1.491404824,-1.947929394,"social_network"
"333","AMNRYECHXZY34",3,5,3,2,3,2.5,0.833333333,0.166666667,0.741111111,2,3.2,0.4375,0.8125,0.277777778,"low",0.451794211,-0.801797148,-3.364682351,0.368856662,-1.954969957,"social_network"
"334","AMZV70TID53WY",2,3,0,3,2,2,1,0,1.125,1,1.2,2.5,5,0,"low",0.476088854,-0.08728274,-0.145924756,2.5447469,0.036312738,"social_network"
"335","AN45KLUESX3NY",9,18,9,9,7,4.5,0.642857143,0.357142857,0.450201956,5,1.4,1.3469387755102,6.85714285714286,0.055555556,"low",0.464079595,-0.136547563,-1.844561081,0.947387963,-0.08712985,"social_network"
"336","AOIR8V07FYMH5",5,15,0,15,5,5,1,0,0.648,5,1,1,5,0,"low",0.629599126,-0.037002266,0.976693678,-1.329197485,-1.906665238,"social_network"
"337","AOQ9YNK1SX72Q",6,11,6,5,6,3.142857143,0.523809524,0.476190476,0.361983471,2,1.4,0.857142857142857,4.28571428571429,0,"low",0.619187972,-0.061176885,0.96491365,-1.438535097,-1.952335873,"social_network"
"338","AP43EYS9D1Z9E",11,27,4,23,11,4.5,0.409090909,0.590909091,0.220768572,6,3.4,0.686274509803922,7.54901960784314,0,"low",0.437466668,0.026726758,0.090381763,2.064060796,0.31129516,"social_network"
"339","APGX2WZ59OWDN",3,6,0,6,3,3,1,0,0.925925926,3,2.4,0.775462962962963,2.32638888888889,0.277777778,"low",0.449948589,-0.178390928,-3.299159427,0.459536397,-0.901553452,"social_network"
"340","AQEP3H2QADT47",11,16,5,11,6,4.571428571,0.761904762,0.238095238,0.521681461,2,1,1,5,0.055555556,"low",0.486499328,-0.096602054,-0.450255786,1.720877772,-0.046256045,"social_network"
"341","AQJWO4YPR3LUQ",4,8,4,4,4,3.2,0.8,0.2,0.680204082,3,2.6,0.826923076923077,2.66666666666667,0,"low",0.427408749,-0.059383523,-0.392184786,2.745366382,-1.594574003,"social_network"
"342","AQOXSP4W3ITSW",10,35,23,12,10,6.363636364,0.636363636,0.363636364,0.37007744,4,2,1.53,5.9,0.444444444,"low",0.509048844,0.02918474,-1.581798863,0.738852381,0.245462508,"social_network"
"343","AQYYBOOF0846O",5,9,2,7,5,3,0.6,0.4,0.475006859,1,1,1.08,4.4,0,"low",0.455708905,-0.476219492,-2.725761511,0.542007545,-0.489532157,"social_network"
"344","ARQR5NIFA1AJ",3,5,1,4,3,2.5,0.833333333,0.166666667,0.751234568,3,3,1.47777777777778,4.43333333333333,2.222222222,"high",0.53843955,0.011226242,0.889316272,-0.122552991,-0.942447102,"social_network"
"345","ARR3UJTM2ZGK4",9,14,5,9,6,4,0.666666667,0.333333333,0.47474785,1,1.2,1.0787037037037,5.47222222222222,0,"low",0.470986136,0.043199494,-1.155556488,1.719370399,-0.049469435,"social_network"
"346","ARUXG5FD1Q76F",3,5,1,4,3,2.5,0.833333333,0.166666667,0.751234568,2,1.2,1.66666666666667,5,0,"low",0.459684398,-0.06520574,-1.407313447,1.471025437,0.358666767,"social_network"
"347","AS6327BNFUA80",5,13,7,6,5,4.333333333,0.866666667,0.133333333,0.561584362,4,2,0.8,3.5,0.611111111,"low",0.638901957,-0.046943623,0.94578443,-0.970409774,-1.827734478,"social_network"
"348","ASNMT3I94HZ44",5,15,0,15,5,5,1,0,0.648,0,3.2,1.06666666666667,5.33333333333333,1.777777778,"high",0.601159612,-0.013380029,0.997868893,-1.944211433,-1.996749425,"social_network"
"349","ASTR3EPUOKEXV",8,19,12,7,8,4.222222222,0.527777778,0.472222222,0.390062645,4,1,1.93333333333333,9.8,0.888888889,"low",0.461018704,-0.158601663,0.059658128,2.353052235,-1.141673895,"social_network"
"350","ATQJPX3S1JBVY",5,11,7,4,5,3.666666667,0.733333333,0.266666667,0.471158854,1,3.8,0.898245614035088,2.57017543859649,2.777777778,"high",0.512077202,-0.134850059,0.048749692,1.424327529,0.615510673,"social_network"
"351","AU0KL60G7FCCK",3,6,0,6,3,3,1,0,0.925925926,2,4.8,1.00694444444444,3.02083333333333,0,"low",0.506455088,-0.187027862,0.150646873,1.331562439,0.697648583,"social_network"
"352","AU34T9OMHN4Z4",7,20,8,12,7,5,0.714285714,0.285714286,0.469877995,1,2,0.5,2.5,0.222222222,"low",0.465208613,-0.220063847,-2.040336274,1.048380338,-0.055266749,"social_network"
"353","AUK3G1H465I2P",5,10,8,2,5,3.333333333,0.666666667,0.333333333,0.542631173,3,1.2,0.9,0.833333333333333,0.055555556,"low",0.484806698,-0.464816221,-1.91655163,1.150897259,0.229526952,"social_network"
"354","AUQTHU5AOZVQC",5,15,6,9,5,5,1,0,0.603290816,3,5,0.794666666666667,3.97333333333333,1.611111111,"high",0.454873325,-0.094943683,-1.253554246,1.8439772,-0.514106999,"social_network"
"355","AV6C736XAEG67",5,10,0,10,4,4,1,0,0.765625,0,1,1,4,0,"low",0.602808334,0.006303047,0.994294352,-1.913279114,-1.978982089,"social_network"
"356","AWAW665TQQP2F",4,10,4,6,4,4,1,0,0.752780786,4,1.2,2.25,6.83333333333333,0.166666667,"low",0.523783921,0.022727508,0.633620558,0.853957969,-1.81144424,"social_network"
"357","AWKJJC3QFU9VW",3,6,2,4,3,3,1,0,0.822777778,2,4.8,0.875,2.625,0.555555556,"low",0.409199527,0.054535113,-0.546750756,2.661879214,-0.265653158,"social_network"
"358","AWN8SISULPG1E",6,19,6,13,6,5.428571429,0.904761905,0.095238095,0.521863855,0,4,0.8,4.8,0.611111111,"low",0.537658564,0.006049147,0.675330252,0.13814455,-0.841583168,"social_network"
"359","AWTBENF2BL2IQ",7,20,3,17,7,5,0.714285714,0.285714286,0.459971008,7,2.6,0.907509157509158,5.77564102564103,0.222222222,"low",0.482303519,-0.162468309,-0.131132694,1.768243293,0.587142022,"social_network"
"360","AWY6W20U8H3JA",4,9,4,5,4,3.6,0.9,0.1,0.6409375,2,1.2,1.33333333333333,5.33333333333333,0,"low",0.467443688,-0.249340249,-0.144420441,2.03564176,-0.792732393,"social_network"
"361","AX7VQSTZA8DQA",5,9,6,3,5,3,0.6,0.4,0.470173611,2,1.6,1.875,5.625,0.555555556,"low",0.62031006,-0.135183925,0.951864034,-1.500784246,-1.861509665,"social_network"
"362","AXAO7UJYYEFCO",6,13,6,7,6,3.714285714,0.619047619,0.380952381,0.433650794,3,4,0.883333333333333,3.25,0.277777778,"low",0.460939902,-0.39635045,-1.659327849,1.34722554,-0.508445542,"social_network"
"363","AXGK6DFLFXCV6",4,4,0,4,4,1.6,0.4,0.6,0.25,1,2,1.78958333333333,7.15833333333333,0.611111111,"low",0.630422245,-0.128409608,0.946323184,-1.253943056,-1.882220892,"social_network"
"364","AXM7I4TKT8QW7",15,32,14,18,11,5.333333333,0.484848485,0.515151515,0.383722393,3,1,1.52121212121212,8.06666666666667,0.222222222,"low",0.448437965,-0.043933668,-0.941920071,1.480373062,0.225584715,"social_network"
"365","AXPZAP62ZYWP8",2,3,0,3,2,2,1,0,1.125,2,3.6,1.11111111111111,2.22222222222222,2.5,"high",0.455900801,-0.26116348,-0.770534051,2.237255768,-0.13666244,"social_network"
"366","AY2U544TCVPMQ",6,17,9,8,6,4.857142857,0.80952381,0.19047619,0.509905408,4,2,1.36666666666667,7.2,0.888888889,"low",0.442546673,-0.831947716,-3.306300054,0.149854395,-1.182727159,"social_network"
"367","AYGGBBDSQP21G",8,24,19,5,8,5.333333333,0.666666667,0.333333333,0.390735702,1,3.4,1.30882352941176,5.58823529411765,2.888888889,"high",0.615292246,0.004837974,0.994994209,-1.492488552,-1.949709621,"social_network"
"368","AYHK8DTZONHKC",10,55,26,29,10,10,1,0,0.348704124,4,4.4,0.831818181818182,8.31818181818182,0,"low",0.562976251,0.061897506,0.730510862,0.66007025,-0.836245252,"social_network"
"369","AYNP68D2ARLFJ",4,9,4,5,4,3.6,0.9,0.1,0.713548174,3,3,0.866666666666667,2.53333333333333,0.888888889,"low",0.501694964,0.001490533,-0.706247773,1.380388303,-0.383929552,"social_network"
"370","AYPOAY43REHC8",5,13,2,11,5,4.333333333,0.866666667,0.133333333,0.683848852,0,1,1,3,0,"low",0.488701291,-0.158728813,-0.64666668,2.029205576,0.071291067,"social_network"
"371","AZUM98AQ97HZJ",3,6,1,5,3,3,1,0,0.882469136,2,3.4,1.05882352941176,3.17647058823529,3.277777778,"high",0.612931936,0.006082951,0.99859143,-1.602046483,-1.954389664,"social_network"
"372","AZVWH7V65BL5W",7,24,14,10,7,6,0.857142857,0.142857143,0.470663486,4,3.6,1.0218253968254,5.06944444444444,0.166666667,"low",0.42977339,-1.107800838,-3.233167505,0.586295511,-1.430781752,"social_network"
