id,points,rt,reversals,wsr_firstHalf,wsr_secondHalf,wsr,lsr_firstHalf,lsr_secondHalf,lsr_stay,lsr_switch
A002160837SWJFPIAI7L7,8500,188.7125,6,0,0,0,0.363636364,0.192307692,0.270833333,0.729166667
A10AVWALIHR4UQ,7000,259.2375,6,0,0.047619048,0.020618557,0.086956522,0.055555556,0.06779661,0.93220339
A10BH9PYCYUKDJ,7600,276.625,3,0.230769231,0.041666667,0.14,0,0.166666667,0.089285714,0.910714286
A123Z5E5ULFEX7,5350,1375.70625,2,0.196078431,0.176470588,0.188235294,0.074074074,0.272727273,0.197183099,0.802816901
A13WTEQ06V3B6D,5350,817.31875,3,0.204545455,0.095238095,0.151162791,0.411764706,0.25,0.328571429,0.671428571
A15FXHC1CVNW31,6400,343.275,8,0.042553191,0,0.021505376,0.580645161,0.5625,0.571428571,0.428571429
A16PGNEFSNCTXF,7600,844.6625,7,0.1,0,0.049019608,0.035714286,0.038461538,0.037037037,0.962962963
A1720HSKGQ41VJ,7750,322.8125,5,0,0.065217391,0.02970297,0.47826087,0.40625,0.436363636,0.563636364
A17LVICI7DOJ3N,6250,1047.975,2,0.192307692,0.390243902,0.279569892,0.115384615,0.189189189,0.158730159,0.841269841
A17TKHT8FEVH0R,8650,785.375,6,0.020408163,0,0.009259259,0,0.052631579,0.020833333,0.979166667
A18FPXIJYCTETD,8050,279.1875,4,0,0,0,0.176470588,0.117647059,0.137254902,0.862745098
A18WSAKX5YN2FB,9700,457.6,6,0,0,0,0.105263158,0,0.047619048,0.952380952
A19S4W3QLLQJ0T,6850,640.90625,8,0.020833333,0,0.010416667,0.5,0.533333333,0.516666667,0.483333333
A1A1ZXUVSV4YR8,8050,462.2375,6,0.019230769,0.019230769,0.019230769,0.538461538,0.576923077,0.557692308,0.442307692
A1AKL5YH9NLD2V,8500,144.01875,11,0.018181818,0,0.009345794,0.565217391,0.615384615,0.591836735,0.408163265
A1ATL3G98SFW4V,8200,381.325,5,0.033898305,0,0.019047619,0,0,0,1
A1AUQK7SIP4B6N,5800,1003.4,1,0.767857143,0.529411765,0.677777778,0.045454545,0.136363636,0.106060606,0.893939394
A1AZ97YYFVWFGC,8500,309.99375,5,0,0.020833333,0.009259259,0.055555556,0,0.020833333,0.979166667
A1B4KC5KP7FH1Z,8500,505.2125,6,0,0,0,0,0,0,1
A1BHR5XQ16T7LA,7150,319.10625,8,0.018867925,0,0.010309278,0.44,0.705882353,0.593220339,0.406779661
A1BUNT3VJFLXD0,9250,268.45,9,0,0.021276596,0.009009009,0.142857143,0.580645161,0.444444444,0.555555556
A1CA6ZXKK09ZRI,7150,475.75625,5,0,0.108108108,0.041237113,0,0.170731707,0.118644068,0.881355932
A1EH9BPKYXFBS5,7450,350.65,8,0.018867925,0,0.00990099,0.6,0.6,0.6,0.4
A1F40NRO5Q5FMB,6250,1445.90625,3,0.510638298,0.021276596,0.265957447,0,0,0,1
A1GASF35DM5ZD6,7300,5673.2625,6,0.057692308,0.042553191,0.050505051,0.230769231,0.096774194,0.157894737,0.842105263
A1HHKQZNE4MUBC,7000,254.79375,0,0.653846154,0.6,0.628865979,0.346153846,0.333333333,0.338983051,0.661016949
A1I72NHC21347A,5650,383.33125,7,0.074074074,0.029411765,0.056818182,0.25,0.659090909,0.514705882,0.485294118
A1KOBLL83SICGQ,8650,359.625,5,0.25,0.041666667,0.157407407,0.222222222,0.333333333,0.291666667,0.708333333
A1KTZE679PHSFQ,8350,308.0375,5,0.017241379,0,0.009259259,0,0,0,1
A1KWIJXTC47YWE,8350,381.4125,8,0,0,0,0.263157895,0.290322581,0.28,0.72
A1LGMX4P87TNAR,8200,809.54375,3,0.259259259,0.211538462,0.235849057,0.083333333,0.038461538,0.06,0.94
A1MNY9OSINZ2GA,5500,833.9375,4,0.29787234,0.170731707,0.238636364,0.193548387,0.162162162,0.176470588,0.823529412
A1N16ZU0FNQEY6,9250,234.9875,9,0,0,0,0.36,0.5,0.422222222,0.577777778
A1NRU6IWDB54SF,2500,821.4625,1,0.527777778,0.606060606,0.565217391,0.523809524,0.333333333,0.425287356,0.574712644
A1NVJB5O4H7ZCJ,7600,405.125,5,0.05,0.119047619,0.078431373,0,0.083333333,0.055555556,0.944444444
A1ODA3Q5H6HTDQ,4300,151.7,5,0.4,0.102564103,0.253164557,0.447368421,0.538461538,0.493506494,0.506493506
A1P47Q6LZPLQ6P,7450,239.33125,8,0,0,0,0.653846154,0.677419355,0.666666667,0.333333333
A1PNYLOKED8FWF,7150,154.725,7,0,0,0,0.166666667,0.060606061,0.105263158,0.894736842
A1PZIN8H1VI6SY,5350,602.1,1,0.442307692,0.942857143,0.643678161,0.076923077,0,0.028985507,0.971014493
A1QGG767E07WBA,8050,415.16875,9,0,0.020833333,0.00952381,0.047619048,0.433333333,0.274509804,0.725490196
A1QJ2VPPZG16EG,5950,1762.4375,1,0.142857143,0.119047619,0.131868132,0.068965517,0.027777778,0.046153846,0.953846154
A1QX1RYLCFXZJ9,7000,305.10625,4,0,0,0,0,0,0,1
A1SEK5WU1K3D17,6550,629.925,5,0.085106383,0.081632653,0.083333333,0.451612903,0.068965517,0.266666667,0.733333333
A1TMZLYXQAK8Q0,8050,368.00625,6,0,0,0,0.222222222,0.060606061,0.117647059,0.882352941
A1TTFE7OTLIJW8,7450,264.175,8,0,0,0,0.615384615,0.483870968,0.543859649,0.456140351
A1UZXOMO6BS6I2,6850,295.34375,8,0.06122449,0,0.030927835,0.586206897,0.466666667,0.525423729,0.474576271
A1VRBTDT3VJSIA,7600,1356.51875,8,0.104166667,0,0.049019608,0.166666667,0.083333333,0.12962963,0.87037037
A1W7I6FN183I8F,4900,236.3125,5,0.020408163,0.111111111,0.058823529,0.379310345,0.5,0.450704225,0.549295775
A1ZSF0TMW419EK,8650,332.28125,4,0.083333333,0.081632653,0.082568807,0,0.034482759,0.021276596,0.978723404
A21JMLYH0P47QV,7150,524.20625,5,0.075471698,0,0.04040404,0.48,0.3125,0.385964912,0.614035088
A281ASP4WWAN3E,7600,11238.7875,8,0.038461538,0,0.019607843,0.538461538,0.428571429,0.481481481,0.518518519
A28AXX4NCWPH1F,7750,191.675,7,0.074074074,0,0.039215686,0.083333333,0.2,0.148148148,0.851851852
A29OIZAIHTFKUV,6250,341.36875,6,0.020408163,0.022222222,0.021276596,0.586206897,0.484848485,0.532258065,0.467741935
A2A1FS0KVLJ9ZT,7900,367.75,5,0.04,0.018867925,0.029126214,0,0,0,1
A2A6FH0F7LD9ND,9400,404.2625,5,0.186440678,0.094339623,0.142857143,0.210526316,0.32,0.272727273,0.727272727
A2AU47UQON6TL9,6550,183.175,8,0,0,0,0.666666667,0.71875,0.693548387,0.306451613
A2G7F8S617H0BB,4750,128.8375,5,0.073170732,0.024390244,0.048780488,0.810810811,0.702702703,0.756756757,0.243243243
A2J8KKPCKD5G33,7300,829.89375,6,0.056603774,0.063829787,0.06,0,0.096774194,0.053571429,0.946428571
A2KRPK3GQR0GA9,7450,323.875,0,0.461538462,0.530612245,0.495049505,0.038461538,0.034482759,0.036363636,0.963636364
A2L5SX9SZKUESP,7150,1508.93125,6,0.078431373,0.0625,0.070707071,0.37037037,0.233333333,0.298245614,0.701754386
A2LF84L3K71GR2,8050,346.91875,4,0,0.042553191,0.019230769,0,0.032258065,0.019230769,0.980769231
A2M3FPQF852HW4,8050,192.69375,10,0,0,0,0.692307692,0.48,0.588235294,0.411764706
A2ML0070M8FDK1,6850,434.55,2,0,0,0,0,0.027777778,0.017241379,0.982758621
A2NBBQ3DKW5MV3,6550,247.9375,5,0.145833333,0.088888889,0.11827957,0.3,0.333333333,0.317460317,0.682539683
A2R75YFKVALBXE,6850,582.85,8,0,0,0,0.7,0.566666667,0.633333333,0.366666667
A2SMXW8QTM2BS5,4150,468.59375,0,0.972972973,0.930232558,0.95,0.097560976,0.057142857,0.078947368,0.921052632
A2THN8O1IQIRP7,8200,201.375,8,0.245283019,0.018867925,0.132075472,0.4,0.32,0.36,0.64
A2UIGDOLX5RV95,7600,285.45,9,0.018867925,0,0.009803922,0.48,0.655172414,0.574074074,0.425925926
A2W5RJFHZRE8IS,3250,212.125,3,0.102564103,0.055555556,0.08,0.41025641,0.738095238,0.580246914,0.419753086
A2WQTXH9WEQDGI,7000,1038.68125,2,0.470588235,0.347826087,0.412371134,0.111111111,0.125,0.118644068,0.881355932
A2XK59FYAFO9EX,5950,258.24375,5,0.037735849,0,0.02173913,0.08,0.076923077,0.078125,0.921875
A3095ABT1L25QK,5650,413.74375,7,0,0.044444444,0.022222222,0.575757576,0.575757576,0.575757576,0.424242424
A33FNF55EK9Y3Z,4300,614.3625,6,0.023809524,0.026315789,0.025,0.611111111,0.725,0.671052632,0.328947368
A351P2O6QGTCS,8050,414.8875,6,0,0,0,0,0.066666667,0.038461538,0.961538462
A36DK84J5YJ942,7000,392.25625,4,0.018181818,0.047619048,0.030927835,0.130434783,0.055555556,0.084745763,0.915254237
A36IO8HVVL5WTZ,7300,429.90625,9,0,0,0,0.64516129,0.555555556,0.603448276,0.396551724
A3822BB341LIB2,6850,257.6125,5,0,0,0,0,0.048780488,0.033333333,0.966666667
A39C1BN9ZSQ0R2,7450,218.28125,10,0,0,0,0.391304348,0.5,0.454545455,0.545454545
A39KUEDR8ZS1CF,7000,282.01875,5,0,0.02173913,0.010204082,0.153846154,0.0625,0.103448276,0.896551724
A3B7TNVOISSZ2O,8200,272.15625,5,0,0,0,0.05,0.032258065,0.039215686,0.960784314
A3BJNFU4T7RU11,8500,267.55625,7,0.01754386,0.02,0.018691589,0.095238095,0.357142857,0.244897959,0.755102041
A3BJTC39BU7R4V,7450,423.81875,7,0,0,0,0.076923077,0.129032258,0.105263158,0.894736842
A3DWIQ1T9093WK,8800,801.9875,8,0.084745763,0.058823529,0.072727273,0,0.185185185,0.108695652,0.891304348
A3F90N8YVKJ4I7,6400,168.3375,8,0,0,0,0.642857143,0.628571429,0.634920635,0.365079365
A3KFFIBJZVM0J2,7750,512.8625,9,0,0,0,0.423076923,0.571428571,0.5,0.5
A3QXFWX1PVH5MJ,6850,1758.9625,4,0.152173913,0,0.072164948,0.46875,0.444444444,0.457627119,0.542372881
A3SFNY43VM330P,7750,268.725,5,0,0.447368421,0.165048544,0,0.375,0.283018868,0.716981132
A5Z9DOJRPICW1,6550,658.6375,0,0.276595745,0.106382979,0.191489362,0.387096774,0.290322581,0.338709677,0.661290323
A7204W9E8IR1R,8350,409.56875,5,0.107142857,0.06,0.08490566,0.045454545,0.107142857,0.08,0.92
A82RLSJJXBKE8,8800,315.6625,5,0.126984127,0.02173913,0.082568807,0,0.0625,0.042553191,0.957446809
ABBP9JASL9AGK,7750,306.40625,5,0,0,0,0.428571429,0.272727273,0.333333333,0.666666667
ADXRJFEHIDXRE,7750,291.35625,7,0.040816327,0.018181818,0.028846154,0.310344828,0.434782609,0.365384615,0.634615385
AGB57MX9TVKND,8650,334.55,9,0.039215686,0.052631579,0.046296296,0.37037037,0.523809524,0.4375,0.5625
AH00EJ6PK1H3A,6250,230.275,7,0,0,0,0.625,0.631578947,0.629032258,0.370967742
AI9QOT5C5DN1P,7750,182.59375,5,0.086206897,0,0.049019608,0.1,0.088235294,0.092592593,0.907407407
AIHHRINW9IN1I,8200,230.0625,8,0,0,0,0.583333333,0.62962963,0.607843137,0.392156863
AIOLG7U4ZM44P,7600,248.50625,8,0,0,0,0.423076923,0.517241379,0.472727273,0.527272727
AKQAI78JTXXC9,4300,160.6,4,0,0.026315789,0.0125,0.361111111,0.725,0.552631579,0.447368421
AKX9W0NF71OI7,8050,548.9875,6,0.035714286,0,0.019230769,0.136363636,0.1,0.115384615,0.884615385
AM2WGEJDWJY1I,8050,449.01875,3,0,0,0,0,0.064516129,0.038461538,0.961538462
AMNRYECHXZY34,4300,383.45625,6,0,0,0,0.551724138,0.625,0.597402597,0.402597403
AOIR8V07FYMH5,6550,1405.775,4,0.019230769,0.048780488,0.032258065,0.846153846,0.486486486,0.634920635,0.365079365
AQAXDL1INQC9Q,7600,369.85625,5,0.06,0.037037037,0.048076923,0.071428571,0.041666667,0.057692308,0.942307692
AQEP3H2QADT47,7600,247.19375,6,0.107142857,0,0.06,0.090909091,0.382352941,0.267857143,0.732142857
AQOXSP4W3ITSW,8050,459.575,7,0.017241379,0.14893617,0.076190476,0.15,0.258064516,0.215686275,0.784313725
ASTR3EPUOKEXV,5800,327.20625,3,0.113207547,0.111111111,0.112359551,0.04,0.119047619,0.089552239,0.910447761
AV6C736XAEG67,3100,453.40625,3,0.088888889,0,0.054794521,0.696969697,1,0.879518072,0.120481928
AWN8SISULPG1E,7150,745.7875,3,0.140350877,0.585365854,0.326530612,0,0,0,1
AX7VQSTZA8DQA,5200,265.56875,5,0,0.096774194,0.035294118,0.875,0.765957447,0.802816901,0.197183099
AYGGBBDSQP21G,7750,371.6125,0,0.781818182,0.653061224,0.721153846,0,0,0,1
AYHK8DTZONHKC,8350,388.675,3,0.54,0.072727273,0.295238095,0.071428571,0,0.039215686,0.960784314
AYNP68D2ARLFJ,7750,424.28125,4,0.058823529,0.403846154,0.233009709,0.111111111,0.153846154,0.132075472,0.867924528
AZVWH7V65BL5W,7150,341.25,9,0,0,0,0.692307692,0.53125,0.603448276,0.396551724
A10249252O9I20MRSOBVF,7900,320.2625,7,0.04,0,0.019607843,0.285714286,0.461538462,0.37037037,0.62962963
A107RJSS561Y7R,8200,404.35,6,0,0,0,0.05,0.064516129,0.058823529,0.941176471
A11S8IAAVDXCUS,7450,385.06875,6,0,0,0,0.153846154,0.068965517,0.109090909,0.890909091
A12FTSX85NQ8N9,7150,1294.56875,5,0.04,0,0.020408163,0.107142857,0.2,0.155172414,0.844827586
A13FUEPWBCLBUY,8800,312.275,9,0.01754386,0,0.009174312,0.571428571,0.5,0.531914894,0.468085106
A143XRCI1YXAFE,700,230.4625,1,0,0.055555556,0.01754386,0.948717949,0.85,0.888888889,0.111111111
A147F5PJTHOB8A,8050,501.6,5,0.039215686,0.037735849,0.038461538,0.037037037,0,0.019230769,0.980769231
A14WLAP6TCEKO0,8200,290.0375,7,0.03125,0,0.018867925,0.142857143,0.305555556,0.26,0.74
A150GMV1YQWWB3,7300,294.2125,9,0,0,0,0.416666667,0.35483871,0.381818182,0.618181818
A163XFZG5BI0XU,7300,326.7375,6,0.089285714,0.046511628,0.070707071,0.545454545,0.457142857,0.49122807,0.50877193
A166A2M31CW2C7,8050,393.63125,6,0,0.076923077,0.037383178,0.130434783,0.038461538,0.081632653,0.918367347
A171S8E9IFSHH2,7150,1807.85,5,0.053571429,0.19047619,0.112244898,0.136363636,0.111111111,0.120689655,0.879310345
A17PORAJCUTBBB,5200,412.1375,4,0,0.078947368,0.035294118,0.451612903,0.1,0.253521127,0.746478873
A19ZWBQT8A3LIR,5500,601.99375,5,0,0.05,0.022727273,0.466666667,0.131578947,0.279411765,0.720588235
A1BNGJBEWJS8WE,6850,688.6875,5,0.021276596,0.02,0.020618557,0.258064516,0.142857143,0.203389831,0.796610169
A1BVG13MHBM1YD,7750,310.45,8,0,0.04,0.019607843,0.576923077,0.5,0.537037037,0.462962963
A1CE2XPYCDRHVZ,8500,256.9625,7,0,0.02,0.009345794,0.047619048,0.035714286,0.040816327,0.959183673
A1CSDIX05PK9V,7450,353.26875,7,0,0,0,0.192307692,0.206896552,0.2,0.8
A1F9KLZGHE9DTA,8950,301.3,6,0.018518519,0.018181818,0.018348624,0,0,0,1
A1FNA7IS6HB59,6400,201.68125,7,0.108695652,0,0.053191489,0.4375,0.2,0.322580645,0.677419355
A1FVXS8IM5QYO8,7750,295.5,6,0,0,0,0.366666667,0.25,0.314814815,0.685185185
A1HWB810RJBV2K,8950,325.1625,7,0,0,0,0,0.04,0.022222222,0.977777778
A1JJYY622DGE5L,7750,280.68125,11,0,0,0,0.5,0.678571429,0.596153846,0.403846154
A1JWKT0IS06YKL,5650,402.89375,5,0,0.055555556,0.02247191,0.44,0.380952381,0.402985075,0.597014925
A1LRJ4U04532TM,8500,347.2625,6,0.137254902,0.107142857,0.121495327,0.444444444,0.181818182,0.326530612,0.673469388
A1M682B2WUSYJP,7000,459.475,8,0.017857143,0.071428571,0.040816327,0.272727273,0.416666667,0.362068966,0.637931034
A1MJVTR0PCKBWW,6400,345.41875,5,0.020833333,0.130434783,0.074468085,0.6,0.25,0.419354839,0.580645161
A1NFBKUYYVUYWF,6400,318.74375,4,0,0,0,0.516129032,0.225806452,0.370967742,0.629032258
A1NJPPCHN1QN5B,7300,342.28125,7,0,0,0,0.318181818,0.4,0.368421053,0.631578947
A1OSRB1Q63XXWZ,9550,428.1625,7,0.017241379,0,0.00877193,0.25,0.090909091,0.166666667,0.833333333
A1OWHPMKE7YAGL,7300,266.89375,6,0.035714286,0.047619048,0.040816327,0,0.027777778,0.017241379,0.982758621
A1P0XSCJ9XAV74,9250,362.95,7,0.114754098,0.019230769,0.07079646,0,0.038461538,0.023255814,0.976744186
A1PR74OHURJNTO,4450,37536.96875,2,0.255319149,0.382352941,0.308641975,0.322580645,0.5,0.426666667,0.573333333
A1QUBLZCONL4QD,9400,495.05625,6,0.166666667,0.096153846,0.133928571,0,0.269230769,0.159090909,0.840909091
A1SISJL5ST2PWH,7900,155.7,10,0,0,0,0.636363636,0.7,0.673076923,0.326923077
A1TGV7LT6LTIQU,7300,323.65625,9,0,0,0,0.458333333,0.46875,0.464285714,0.535714286
A1UCB0D27PY623,7150,210.04375,6,0,0,0,0.44,0.606060606,0.534482759,0.465517241
A1UOIJJQTPB7M5,6850,578.475,5,0.018181818,0.024390244,0.020833333,0,0.027027027,0.016666667,0.983333333
A1VMPZVVVZUCS4,6100,236.94375,4,0,0,0,0,0.15,0.095238095,0.904761905
A1XVEKS9O73ERE,8800,296.1625,8,0,0.020408163,0.009174312,0.055555556,0.068965517,0.063829787,0.936170213
A1YHIQHLLLQIIQ,7900,400.80625,5,0,0,0,0.058823529,0.055555556,0.056603774,0.943396226
A1ZD8RU6YB0VEU,8800,247.575,0,0.465517241,0.384615385,0.427272727,0.45,0.115384615,0.260869565,0.739130435
A1ZJE1T7Q75321,7450,378.95,3,0,0,0,0.037037037,0,0.01754386,0.98245614
A207IHY6GERCFO,7600,247.91875,8,0,0,0,0.238095238,0.647058824,0.490909091,0.509090909
A21Q7FCKM86VL8,6850,436.60625,7,0,0,0,0.269230769,0.393939394,0.338983051,0.661016949
A235DXY5FJN0IW,6250,399.6125,5,0.1,0.093023256,0.096774194,0.357142857,0.4,0.380952381,0.619047619
A2389DERMNF3ZB,8650,231.46875,8,0.03125,0,0.018348624,0.285714286,0.272727273,0.276595745,0.723404255
A248LF7KKHXZ14,7300,359.7875,7,0,0,0,0.391304348,0.558823529,0.49122807,0.50877193
A248QG4DPULP46,6700,331.375,5,0.108695652,0.02,0.0625,0.28125,0.535714286,0.4,0.6
A24FN5BK5L9I2S,7300,520.9125,5,0.136363636,0.236363636,0.191919192,0.235294118,0.086956522,0.175438596,0.824561404
A2541C8MY0BYV3,8950,137.64375,7,0,0,0,0,0,0,1
A25N0K40JAZTN1,9250,190.80625,7,0,0.019607843,0.008928571,0.058823529,0.074074074,0.068181818,0.931818182
A27VFM67RPD2L5,6550,414.2875,9,0,0,0,0.333333333,0.757575758,0.566666667,0.433333333
A27W025UEXS1G0,8800,105.95625,11,0,0,0,0.652173913,0.608695652,0.630434783,0.369565217
A27ZE20JZ3VDUP,6850,1121.1375,6,0.038461538,0.022727273,0.03125,0.461538462,0.382352941,0.416666667,0.583333333
A27ZW1CY6TMKT8,7150,376.375,8,0,0,0,0.461538462,0.366666667,0.410714286,0.589285714
A2A5HAPJD18TRU,8050,220.18125,9,0.01754386,0,0.009615385,0.380952381,0.483870968,0.442307692,0.557692308
A2APG8MSLJ6G2K,7750,324.9375,5,0,0,0,0,0.125,0.074074074,0.925925926
A2APPZDU0VS9LN,8800,420.9625,8,0.140350877,0.039215686,0.092592593,0.380952381,0.259259259,0.3125,0.6875
A2CF2BD4Q0ZDJN,7600,615.4125,9,0.094339623,0,0.048543689,0.44,0.678571429,0.566037736,0.433962264
A2CWNRI11XJ7WX,8650,293.8125,7,0,0,0,0,0.032258065,0.020833333,0.979166667
A2CY1TSQ3KKP5Q,6850,455.79375,3,0,0,0,0,0.029411765,0.016666667,0.983333333
A2DZW5E52SJ93H,6400,167.66875,9,0,0,0,0.6,0.533333333,0.566666667,0.433333333
A2EI075XZT9Y2S,7300,153.55625,8,0,0.021276596,0.00990099,0.541666667,0.677419355,0.618181818,0.381818182
A2EJ06OGI9671Q,8050,431.19375,7,0,0.038461538,0.018867925,0,0.038461538,0.02,0.98
A2EKR2ZFO10VMV,9100,227.13125,9,0.016949153,0,0.008849558,0.473684211,0.375,0.418604651,0.581395349
A2GNG7DWHQA6ZZ,8200,436.83125,9,0,0,0,0.631578947,0.625,0.62745098,0.37254902
A2HHKBW8HQWI66,6400,335.34375,7,0,0.047619048,0.021052632,0.4,0.555555556,0.491803279,0.508196721
A2IQ0QCTQ3KWLT,6100,367.69375,2,0.132075472,0.236842105,0.175824176,0.2,0.225,0.215384615,0.784615385
A2J5N770I859WE,7900,342.06875,8,0,0,0,0.333333333,0.466666667,0.407407407,0.592592593
A2JP9IKRHNLRPI,7750,204.61875,5,0,0,0,0.16,0.379310345,0.277777778,0.722222222
A2KBTDHM44J7X4,4000,523.81875,1,0.357142857,0.361111111,0.358974359,0.277777778,0.214285714,0.243589744,0.756410256
A2MCG5W6LHSRG9,8050,203.34375,10,0,0,0,0.608695652,0.448275862,0.519230769,0.480769231
A2MUCL20GTQJA0,7450,287.23125,7,0.017857143,0.046511628,0.03030303,0.5,0.342857143,0.403508772,0.596491228
A2NMLTECRDWFN2,8800,381.15,6,0,0,0,0,0.032258065,0.02173913,0.97826087
A2NT3OQZUUZPEO,7450,436.85,7,0.038461538,0,0.02,0,0.133333333,0.071428571,0.928571429
A2OG8XRYJ56HS7,6700,416.30625,5,0,0.063829787,0.030927835,0.214285714,0.032258065,0.118644068,0.881355932
A2Q3FS9G8ITCN7,7900,334.70625,4,0,0,0,0.130434783,0.096774194,0.111111111,0.888888889
A2QFZ2524HID2B,7300,497.48125,4,0.037735849,0.133333333,0.081632653,0.12,0.181818182,0.155172414,0.844827586
A2QTV4TFK4VCEF,5050,361.80625,7,0,0,0,0.466666667,0.547619048,0.513888889,0.486111111
A2S75O867RJG0I,8200,393.6875,5,0,0,0,0.041666667,0.074074074,0.058823529,0.941176471
A2SD7GN80U31GW,7900,304.00625,8,0,0,0,0.318181818,0.466666667,0.403846154,0.596153846
A2SJC9VRBGNC58,5500,469.24375,4,0.037735849,0,0.022988506,0.12,0.386363636,0.289855072,0.710144928
A2T007HZK66WM,7450,339.98125,7,0,0,0,0,0.058823529,0.037037037,0.962962963
A2TKFZQRNAZS1L,8200,323.2625,5,0,0,0,0,0.24137931,0.14,0.86
A2TLN8489YGY81,8650,169.20625,6,0,0,0,0.695652174,0.44,0.5625,0.4375
A2UYZFH5VT5R3H,7300,263.86875,4,0,0,0,0,0,0,1
A2WVCXVSE0YGML,6700,397.70625,8,0,0,0,0.541666667,0.628571429,0.593220339,0.406779661
A2XQ3CFB5HT2ZQ,7000,300.14375,7,0,0,0,0.391304348,0.4,0.396551724,0.603448276
A2YFTTVAH9AFXU,7450,143.4875,7,0.037037037,0.020833333,0.029411765,0.083333333,0.1,0.092592593,0.907407407
A2ZDEERVRN5AMC,9250,268.95,7,0,0,0,0.058823529,0.307692308,0.209302326,0.790697674
A2ZZW6KME1FUDU,7150,393.8,6,0.127659574,0.019230769,0.070707071,0.290322581,0.346153846,0.315789474,0.684210526
A311A0TCGNTFKK,7600,416.4,5,0,0,0,0,0.085714286,0.053571429,0.946428571
A342YLIMT6THWO,6250,806.90625,6,0.103448276,0.057142857,0.086021505,0,0.046511628,0.031746032,0.968253968
A34DWBBWZRLO1X,5200,587.98125,4,0.12,0,0.068965517,0.428571429,0.390243902,0.405797101,0.594202899
A35K3YVCX1LVPE,8500,405.2625,3,0.418181818,0.20754717,0.314814815,0.347826087,0.2,0.270833333,0.729166667
A36CZ0F88ELFWF,7900,278.5875,6,0.051724138,0,0.029411765,0.2,0.176470588,0.185185185,0.814814815
A36GTTPW17HUL1,7900,578.2625,6,0.016666667,0,0.009803922,0,0.111111111,0.074074074,0.925925926
A36Z98LFRR041Q,8200,456.89375,9,0,0,0,0,0.451612903,0.269230769,0.730769231
A38I0E8UK53ME5,6700,359.075,7,0.150943396,0.046511628,0.104166667,0.32,0.542857143,0.45,0.55
A3908297ZI3LES,6550,384.99375,5,0.019607843,0,0.010638298,0.111111111,0.228571429,0.177419355,0.822580645
A394S7JSNUA3TS,7600,242.84375,10,0,0,0,0.444444444,0.538461538,0.490566038,0.509433962
A39C210BKD7YNN,7600,371.44375,6,0.035714286,0.041666667,0.038461538,0,0.033333333,0.019230769,0.980769231
A39ROW50DWRRKT,7000,293.20625,5,0.016393443,0,0.010204082,0,0.292682927,0.206896552,0.793103448
A3A8P4UR9A0DWQ,9400,260.69375,7,0,0.192982456,0.097345133,0,0,0,1
A3C0LPVN749UF3,5500,388.25625,6,0.021276596,0,0.011363636,0.612903226,0.513513514,0.558823529,0.441176471
A3DS5B06ZCD3E3,7450,440.91875,8,0,0.06,0.02970297,0.407407407,0.535714286,0.472727273,0.527272727
A3FJCLBK3HF4PD,6850,395.6,6,0.033898305,0,0.020618557,0.368421053,0.075,0.169491525,0.830508475
A3GLUDQZGEJL5G,7150,384.48125,6,0.269230769,0.14893617,0.212121212,0.461538462,0.064516129,0.245614035,0.754385965
A3GPTSDDHJ2DBV,7000,317.9125,6,0,0,0,0,0.108108108,0.068965517,0.931034483
A3H2Y9ZTY867J3,8050,284.6875,8,0.072727273,0.02,0.047619048,0.260869565,0.392857143,0.333333333,0.666666667
A3J55BJGV95JKH,5650,1217.59375,2,0.019230769,0.189189189,0.08988764,0.038461538,0.170731707,0.119402985,0.880597015
A3JSDZMBS8L87S,9100,263.21875,7,0.087719298,0,0.044642857,0.238095238,0.130434783,0.181818182,0.818181818
A3KF6O09H04SP7,6400,224.39375,7,0,0,0,0.52173913,0.435897436,0.467741935,0.532258065
A3LC6M2EMDBBXP,7150,287.5625,9,0,0,0,0.428571429,0.548387097,0.491525424,0.508474576
A3LNM77PCQOTHJ,7300,198.68125,8,0,0,0,0.565217391,0.529411765,0.543859649,0.456140351
A3MYPYBVHX7FQ2,8650,318.075,4,0,0,0,0,0.035714286,0.020833333,0.979166667
A3NBLSA78ZXDNP,7750,417.18125,1,0.230769231,0.156862745,0.194174757,0.192307692,0.222222222,0.20754717,0.79245283
A3O0QZQ4V2IXT7,6850,315.8,6,0,0,0,0.52173913,0.583333333,0.559322034,0.440677966
A3O5RKGH6VB19C,9400,257.0375,4,0.06779661,0.037735849,0.053571429,0,0.04,0.022727273,0.977272727
A3RCX3IQ8L6HHW,9100,339.09375,9,0,0,0,0.526315789,0.52,0.522727273,0.477272727
A3RDH0U2H6JCBC,8800,169.175,5,0,0.019230769,0.009174312,0,0,0,1
A3TQD8CNO16IZK,8950,409.21875,6,0.208955224,0.069767442,0.154545455,0,0.314285714,0.239130435,0.760869565
A3U21PUMQ6NGT2,6850,298.16875,6,0,0,0,0,0.111111111,0.068965517,0.931034483
A3V2XCDF45VN9X,7750,290.94375,5,0.117647059,0.019230769,0.067961165,0.259259259,0.115384615,0.188679245,0.811320755
A3V4SRRO18ELMV,6700,969.66875,3,0.222222222,0.162790698,0.195876289,0.125,0.342857143,0.254237288,0.745762712
A3VTOW7WLPTBRR,9700,182.7625,9,0,0,0,0.176470588,0.125,0.146341463,0.853658537
A4IH4CO046EV3,6850,192.74375,3,0.02173913,0,0.010309278,0.28125,0.259259259,0.271186441,0.728813559
A4WBW7FVQASZE,7900,257.55,9,0,0,0,0.565217391,0.633333333,0.603773585,0.396226415
A5TMU62U5FE5K,8050,376.9375,5,0,0,0,0,0,0,1
A77K8W55MJEKX,7150,502.40625,8,0.016393443,0.027027027,0.020408163,0.117647059,0.609756098,0.465517241,0.534482759
A7ERZELTAMWL5,6550,337.85625,6,0.041666667,0,0.021276596,0.3,0.5625,0.435483871,0.564516129
A7TI4X4LRGQA0,6400,310.975,5,0.133333333,0.020408163,0.074468085,0.181818182,0.068965517,0.129032258,0.870967742
A8RDXT4ZILHQT,8950,284.95625,10,0,0,0,0.260869565,0.454545455,0.355555556,0.644444444
A98E8M4QLI9RS,7900,381.35625,9,0.018867925,0,0.00952381,0.56,0.5,0.529411765,0.470588235
A9ZCY6FLUCIU1,7900,345.94375,7,0.018867925,0.117647059,0.067307692,0.56,0.592592593,0.576923077,0.423076923
AB66CTVQ90RCV,7600,247.5,4,0,0,0,0,0.083333333,0.055555556,0.944444444
ABX5OQLR6UNBC,8200,268.80625,5,0,0,0,0,0.033333333,0.019607843,0.980392157
ACFPXI6LMHSZU,7600,234.975,7,0,0,0,0.5,0.451612903,0.472727273,0.527272727
AGKCK081EU63R,7000,414.4125,8,0.020408163,0,0.010204082,0.448275862,0.620689655,0.534482759,0.465517241
AH7Z2M3KSQ4DW,8500,665.46875,6,0,0,0,0.055555556,0.033333333,0.041666667,0.958333333
AHOQWPD49OMW3,7150,589.575,7,0.150943396,0.181818182,0.164948454,0.12,0.205882353,0.169491525,0.830508475
AIQM86IRETAJN,5650,612.85,3,0.02173913,0.046511628,0.033707865,0.09375,0.057142857,0.074626866,0.925373134
AJAKX491SGILM,6400,355.6875,6,0,0.027777778,0.010869565,0.409090909,0.380952381,0.390625,0.609375
ALEJV7D94ZLHF,9250,339.21875,10,0,0,0,0.681818182,0.523809524,0.604651163,0.395348837
AMELYCC59JKB0,8050,251.29375,4,0.160714286,0.625,0.375,0.090909091,0.033333333,0.057692308,0.942307692
AMZV70TID53WY,8950,1016.3875,6,0.033333333,0.02,0.027272727,0.055555556,0.035714286,0.043478261,0.956521739
APGX2WZ59OWDN,7600,383.0875,7,0,0,0,0.518518519,0.592592593,0.555555556,0.444444444
AQJWO4YPR3LUQ,8200,419.86875,5,0.01754386,0,0.009433962,0.19047619,0.24137931,0.22,0.78
AQYYBOOF0846O,8050,454.30625,7,0.018518519,0.020408163,0.019417476,0.416666667,0.275862069,0.339622642,0.660377358
AREQ43Q0T8ENT,5500,1051.875,4,0.1,0.131578947,0.113636364,0.5,0.5,0.5,0.5
ARUXG5FD1Q76F,9700,430.91875,8,0,0,0,0.4,0.423076923,0.414634146,0.585365854
AU0KL60G7FCCK,5350,571.36875,4,0.045454545,0.068181818,0.056818182,0.382352941,0.088235294,0.235294118,0.764705882
AUAN582MLI96N,7750,315.73125,9,0,0,0,0.19047619,0.419354839,0.326923077,0.673076923
AUCHGHY1IKZZK,6400,433.025,2,0.5,0.132075472,0.290322581,0.210526316,0.12,0.174603175,0.825396825
AWKJJC3QFU9VW,9550,359.35,9,0,0,0,0,0,0,1
AWY6W20U8H3JA,8650,498.15,7,0.032258065,0.108695652,0.064814815,0,0.15625,0.104166667,0.895833333
AXAO7UJYYEFCO,8950,279.11875,8,0,0.16,0.071428571,0.3125,0.285714286,0.295454545,0.704545455
AY2U544TCVPMQ,8200,164.65625,9,0,0,0,0.583333333,0.592592593,0.588235294,0.411764706
AYPOAY43REHC8,7450,494.76875,5,0.018518519,0.0625,0.039215686,0.041666667,0.066666667,0.055555556,0.944444444
A12J4IRF5Z06BT,7450,277.3875,6,0,0,0,0.407407407,0.357142857,0.381818182,0.618181818
A13DHPKBQXN9R7,7900,327.95,7,0,0,0,0.117647059,0.4,0.307692308,0.692307692
A14OQ52EFQAN2W,6850,273.25,10,0,0,0,0.65,0.648648649,0.649122807,0.350877193
A1721FMJBGZVYE,9250,320.8625,8,0,0,0,0.173913043,0.318181818,0.244444444,0.755555556
A173MXK429XAZQ,7000,336.78125,5,0,0,0,0.125,0.117647059,0.120689655,0.879310345
A17KPUGCV6CV8Q,9250,293.375,9,0,0,0,0,0.111111111,0.066666667,0.933333333
A1CVJIKV6XJ6G8,8200,378.325,5,0,0.022222222,0.00952381,0,0,0,1
A1DDZD5QL1PAD0,5500,313.025,4,0.037735849,0,0.022727273,0.04,0.023255814,0.029411765,0.970588235
A1EIKIHK12UDP0,8200,2660.2125,8,0.018518519,0,0.00952381,0.041666667,0.333333333,0.196078431,0.803921569
A1GT4NK0VO5RFQ,7900,429.80625,10,0,0,0,0.56,0.642857143,0.603773585,0.396226415
A1HNB2243A2PQH,6400,553.94375,4,0.166666667,0.025,0.106382979,0.041666667,0.157894737,0.112903226,0.887096774
A1IHFT9QVJ5H94,9250,442.475,8,0,0,0,0.066666667,0.24137931,0.181818182,0.818181818
A1R37XA9QPSIAN,9400,436.15,7,0,0,0,0,0,0,1
A1SGGLWPW4CJBD,6100,564.00625,1,0.29787234,0.068181818,0.186813187,0.322580645,0.088235294,0.2,0.8
A1SOFLJOEQB591,9250,362.65,7,0.015384615,0.063829787,0.035714286,0,0.064516129,0.045454545,0.954545455
A1SWGSFIMZJQE,7600,345.43125,6,0.016949153,0,0.00990099,0,0.083333333,0.054545455,0.945454545
A1ZAG3PSITDO8W,9250,374.86875,10,0.120689655,0,0.061946903,0.55,0.565217391,0.558139535,0.441860465
A1ZH5VWU96MECI,6850,160.08125,8,0.019607843,0,0.010204082,0.666666667,0.64516129,0.655172414,0.344827586
A20NFVAEJ1UFZ3,3100,838.1,0,0.84375,0.923076923,0.887323944,0,0.025641026,0.011764706,0.988235294
A24GY3MMDG63PB,6250,154.3375,4,0.01754386,0.351351351,0.14893617,0,0.12195122,0.080645161,0.919354839
A252P9NJHP5QOZ,7600,2684.75,5,0.017857143,0.088888889,0.04950495,0.136363636,0.121212121,0.127272727,0.872727273
A26TP4HHSINK5E,8050,307.66875,4,0.019607843,0,0.00952381,0.037037037,0,0.019607843,0.980392157
A2CQ2JDBH0E5G6,6250,246.325,8,0,0,0,0.461538462,0.578947368,0.53125,0.46875
A2D98V3ZYWDMJO,8050,477.0125,9,0,0,0,0.619047619,0.483870968,0.538461538,0.461538462
A2DD2ATWGPRO36,7750,318.80625,8,0.01754386,0,0.00990099,0.428571429,0.382352941,0.4,0.6
A2ES4ZTH0IATSL,8350,574.61875,5,0,0,0,0,0,0,1
A2GQ4PAA928DRY,7600,424.4875,4,0,0,0,0,0.1,0.054545455,0.945454545
A2HAP8SUY3WYKR,6250,420.6625,5,0,0.275,0.117021277,0.291666667,0.263157895,0.274193548,0.725806452
A2HJK77HH1IDTM,7450,242.325,8,0,0,0,0.375,0.375,0.375,0.625
A2O67PQ9YKH2FY,7150,457.5625,4,0.169491525,0.05,0.121212121,0,0.026315789,0.01754386,0.98245614
A2S4BU23GT93ZD,9250,213.1,8,0,0,0,0,0,0,1
A2SJ83C7Y7M532,6100,369.99375,5,0.023255814,0.081632653,0.054347826,0.257142857,0.206896552,0.234375,0.765625
A2VE5IV9OD2SK1,7000,600.61875,6,0,0,0,0.333333333,0.625,0.491525424,0.508474576
A2VNWJU49OOVFC,6100,419.325,4,0,0,0,0.096774194,0.03030303,0.0625,0.9375
A2W434UNNBRS4L,7300,237.4,3,0.294117647,0.3125,0.303030303,0.222222222,0.2,0.210526316,0.789473684
A2W5MSZP0O4Y2P,8350,467.4625,6,0,0,0,0.052631579,0.129032258,0.1,0.9
A2WROT8QGFDS86,4000,706.15625,3,0.137254902,0.777777778,0.358974359,0.333333333,0.392156863,0.371794872,0.628205128
A2WWYVKGZZXBOB,8500,662.63125,7,0.086206897,0,0.046296296,0.05,0.142857143,0.104166667,0.895833333
A31842X2M9HQ4O,8650,545.14375,5,0,0,0,0,0.096774194,0.0625,0.9375
A32QFJTK9LJXLR,7000,364.28125,8,0.057692308,0,0.030927835,0.269230769,0.424242424,0.355932203,0.644067797
A397HP5TSIF2LO,7450,255.89375,7,0.057692308,0,0.03030303,0.115384615,0.548387097,0.350877193,0.649122807
A3E50NZCJNLDG1,8800,326.70625,7,0.048387097,0,0.027272727,0.3125,0.166666667,0.217391304,0.782608696
A3E76V59BKGKCQ,5800,539.05,4,0,0.032258065,0.011235955,0,0.170212766,0.119402985,0.880597015
A3EYRDEQ7CXUMN,8350,299.64375,5,0.150943396,0,0.076190476,0,0,0,1
A3M81P9BEVE1GD,7150,867.79375,4,0,0,0,0.166666667,0.25,0.206896552,0.793103448
A3P7AXWF57BHNX,7300,284.15625,9,0.016666667,0,0.01,0.222222222,0.5,0.410714286,0.589285714
A3PFB892WE3BV5,8650,486.84375,5,0,0,0,0.136363636,0.296296296,0.224489796,0.775510204
A3QN9B9ZS1CWWM,7150,566.8375,8,0.04,0.041666667,0.040816327,0.285714286,0.533333333,0.413793103,0.586206897
A3VA5BS033GXU0,8200,334.40625,4,0,0.020408163,0.009433962,0,0.034482759,0.02,0.98
A770OB1ZAGJ4G,6700,538.0875,4,0,0,0,0.058823529,0,0.033333333,0.966666667
AMJBPEANFZDMH,5800,771.5625,1,0.652173913,0.047619048,0.363636364,0.28125,0.5,0.397058824,0.602941176
AMS5RQY2615O0,7750,578.88125,5,0.021276596,0,0.009708738,0.129032258,0.045454545,0.094339623,0.905660377
AS3GWXBJL6I2B,7900,391.325,5,0.092592593,0,0.048543689,0.166666667,0.034482759,0.094339623,0.905660377
ASNMT3I94HZ44,4300,534.6375,0,0.444444444,0.794117647,0.594936709,0.393939394,0.204545455,0.285714286,0.714285714
AU34T9OMHN4Z4,8350,282.53125,8,0,0,0,0.333333333,0.310344828,0.32,0.68
AUQTHU5AOZVQC,8650,253.96875,6,0,0.020833333,0.009259259,0.055555556,0.166666667,0.125,0.875
AV4P7N58PU55P,6400,574.71875,5,0.054545455,0,0.032258065,0.173913043,0.35,0.285714286,0.714285714
AXPZAP62ZYWP8,7000,254.09375,5,0,0.021276596,0.010309278,0.142857143,0.193548387,0.169491525,0.830508475
A101U3FTZYY87V,8800,313.9375,7,0,0,0,0,0.15625,0.106382979,0.893617021
A101WUMP4O5DY7,7300,455.2,3,0,0.021276596,0.01,0,0,0,1
A118BQHK3S4UDV,6850,270.7375,6,0.02,0.044444444,0.031578947,0.642857143,0.484848485,0.557377049,0.442622951
A11DJHOJ5CEV4A,7450,532.675,3,0.01754386,0.069767442,0.04,0.095238095,0.114285714,0.107142857,0.892857143
A12F9HCQNQ7CSA,8050,477.93125,5,0.016949153,0,0.00952381,0.052631579,0.03125,0.039215686,0.960784314
A13ZMMHQFG93RV,8200,627.43125,5,0,0,0,0.055555556,0.032258065,0.040816327,0.959183673
A14LOABUGAITBM,5050,371.775,1,0.804878049,0.456521739,0.620689655,0.162162162,0.125,0.144927536,0.855072464
A15R4L3EO5EAI9,6850,394.75625,4,0.018518519,0.047619048,0.03125,0.208333333,0.111111111,0.15,0.85
A16LZUEQ6JGHWA,8800,227.95,6,0.105263158,0,0.054545455,0.285714286,0.32,0.304347826,0.695652174
A173T1IWICTNER,6850,321.325,3,0,0.043478261,0.020833333,0,0.0625,0.033333333,0.966666667
A17KN7NAP48L4B,8050,226.2875,7,0.035087719,0,0.019230769,0.714285714,0.451612903,0.557692308,0.442307692
A17OSPGV41FZ7P,8950,301.175,4,0.293103448,0.056603774,0.18018018,0.1,0.12,0.111111111,0.888888889
A1AH72NCEHW9AG,7150,818.9125,2,0.541666667,0.04,0.285714286,0.1,0.178571429,0.137931034,0.862068966
A1B9DG2CEXAZ4L,9100,340.76875,8,0,0,0,0,0,0,1
A1BZNPQ0H7ZSER,7300,229.53125,5,0.055555556,0,0.03,0.166666667,0,0.071428571,0.928571429
A1CAEF74MR3VRU,8200,554.71875,9,0,0,0,0.217391304,0.464285714,0.352941176,0.647058824
A1CB72B51L7TKE,6550,427.7875,3,0.039215686,0.023255814,0.031914894,0.037037037,0.142857143,0.096774194,0.903225806
A1COPEOCGVLLZ2,7150,301.75,2,0.057692308,0,0.03030303,0,0,0,1
A1DL8I2TKBHO5A,8500,497.6625,9,0,0,0,0.48,0.5,0.489795918,0.510204082
A1GL5AQV7VT91U,8800,241.70625,4,0.034482759,0.058823529,0.04587156,0.05,0.296296296,0.191489362,0.808510638
A1H1TKK54YG94Q,5800,318.76875,4,0.12,0.075,0.1,0.142857143,0.078947368,0.106060606,0.893939394
A1IONW41S7GFKX,5950,504.325,4,0.423076923,0,0.244444444,0.038461538,0.1,0.075757576,0.924242424
A1JXSNKXAXT9OU,7600,263.15,8,0,0.021276596,0.009708738,0.409090909,0.548387097,0.490566038,0.509433962
A1L8M9HBRG9N5R,7900,233.2125,8,0,0,0,0.35,0.46875,0.423076923,0.576923077
A1LOUSM5V730EU,6250,618.4875,5,0.083333333,0.022222222,0.053763441,0.466666667,0.333333333,0.396825397,0.603174603
A1NANVHGH37SV7,7300,277.63125,6,0.14893617,0.137254902,0.142857143,0.258064516,0.333333333,0.293103448,0.706896552
A1OJSFSGE31WQG,6700,205.025,6,0.210526316,0,0.12371134,0.428571429,0.552631579,0.508474576,0.491525424
A1PSHE64ECSZ3B,5950,392.91875,4,0.148148148,0.135135135,0.142857143,0.041666667,0.048780488,0.046153846,0.953846154
A1RF95TSDZDJLL,7750,387.4375,6,0.01754386,0.085106383,0.048076923,0.047619048,0,0.019230769,0.980769231
A1TM0YUPC90UFZ,9100,378.725,7,0.034482759,0.037037037,0.035714286,0.35,0.333333333,0.340909091,0.659090909
A1UMDHBIFJQTHD,8200,838.59375,4,0.035714286,0.102040816,0.066666667,0.045454545,0,0.019607843,0.980392157
A1WPGNK8Y65BV3,8800,303.16875,4,0.066666667,0,0.036363636,0.111111111,0.25,0.195652174,0.804347826
A1WR2APJSGP7WJ,7450,384.88125,2,0.272727273,0.260869565,0.267326733,0.173913043,0.125,0.145454545,0.854545455
A1WZY0K6IE3ASG,6400,195.54375,8,0.041666667,0,0.02173913,0.433333333,0.558823529,0.5,0.5
A1ZAK79QAHNW2J,9100,376.075,6,0,0,0,0.428571429,0.541666667,0.488888889,0.511111111
A20YGFCRNDTD6,4000,457.50625,4,0,0,0,0.756756757,0.902439024,0.833333333,0.166666667
A21Y7K669KM1PR,8650,599.3125,6,0.052631579,0.057692308,0.055045872,0.095238095,0,0.042553191,0.957446809
A22012GC5JSH0C,8200,347.5375,7,0.019230769,0.037735849,0.028571429,0.076923077,0,0.039215686,0.960784314
A22VGT2F28LTWC,7450,207.26875,4,0,0.066666667,0.03,0.130434783,0.03030303,0.071428571,0.928571429
A233K1XWQ4JOHJ,5650,1296.2125,4,0,0,0,0.696969697,0.696969697,0.696969697,0.303030303
A24FAL69IKL8RA,5800,412.35625,4,0.127659574,0,0.066666667,0.290322581,0.114285714,0.196969697,0.803030303
A261NEZSEFSRQI,7000,395.95,5,0,0,0,0.153846154,0.205882353,0.183333333,0.816666667
A263Y9ZPYSSTB9,7300,204.54375,6,0,0.020833333,0.01010101,0.259259259,0.333333333,0.298245614,0.701754386
A26OJD9D9I8VPA,5800,420.225,5,0.081632653,0.170731707,0.122222222,0.310344828,0.297297297,0.303030303,0.696969697
A26ZGP2V4T81HL,6700,374.725,4,0.02,0.355555556,0.178947368,0.642857143,0.303030303,0.459016393,0.540983607
A29CNQYJWMJ7G9,5950,189.7,6,0,0,0,0.548387097,0.4,0.46969697,0.53030303
A29DF24JS60P35,7000,441.99375,4,0.1,0.106382979,0.103092784,0.607142857,0.258064516,0.423728814,0.576271186
A29K16RKAY6MOV,7900,560.15,5,0.098039216,0,0.048543689,0.074074074,0.153846154,0.113207547,0.886792453
A2AAY4VT9L71SY,5800,277.25625,7,0.076923077,0,0.043956044,0.576923077,0.641025641,0.615384615,0.384615385
A2CCHNM5S3OLH3,6250,218.73125,4,0,0.307692308,0.131868132,0.576923077,0.256410256,0.384615385,0.615384615
A2CCPXIVUG752U,6700,1102.55625,3,0.037735849,0.23255814,0.125,0,0.228571429,0.133333333,0.866666667
A2CEYQH4UDNIEV,6400,321.225,6,0,0,0,0,0.540540541,0.317460317,0.682539683
A2DNEPVF6DTLGH,5500,1316.84375,1,0.266666667,0.380952381,0.32183908,0.272727273,0.111111111,0.188405797,0.811594203
A2DVCDDVI697QR,5800,472.8625,7,0,0,0,0.566666667,0.722222222,0.651515152,0.348484848
A2EK1HDV4I4GSK,7450,546.8,7,0.036363636,0,0.02,0.086956522,0.727272727,0.464285714,0.535714286
A2GC6RYOYAZAP7,5350,653.85625,0,0.857142857,0.818181818,0.837209302,0.138888889,0.147058824,0.142857143,0.857142857
A2HM35CWB7IIFM,7000,519.4375,8,0,0,0,0.384615385,0.484848485,0.440677966,0.559322034
A2I37S7GQR6X1H,5200,456.40625,4,0.039215686,0,0.023255814,0.222222222,0.511627907,0.4,0.6
A2IOWY2QEZPP99,8050,177.9,9,0,0,0,0.296296296,0.52,0.403846154,0.596153846
A2J1A9GE02VQHR,6550,701.11875,2,0.346153846,0.12195122,0.247311828,0,0,0,1
A2K70JB39Q2YTT,4750,483.475,3,0.209302326,0.1,0.156626506,0.285714286,0.105263158,0.191780822,0.808219178
A2KMJE72HDDVGP,3850,655.81875,0,0.837209302,0.848484848,0.842105263,0.142857143,0.2,0.175,0.825
A2M8KBU123YOM0,7150,233.38125,5,0,0.046511628,0.020408163,0,0.057142857,0.034482759,0.965517241
A2MEK0KK1CTJ7,7750,296.4625,7,0.035714286,0,0.01980198,0.090909091,0.03030303,0.054545455,0.945454545
A2OPLZU47CO9XE,6550,338.96875,6,0,0,0,0.769230769,0.457142857,0.590163934,0.409836066
A2OXU7SRG0UHM,7000,515.28125,4,0.086206897,0.243902439,0.151515152,0.2,0.189189189,0.192982456,0.807017544
A2OZPDMRFZM1BB,7450,493.96875,3,0.021276596,0.092592593,0.059405941,0.096774194,0.041666667,0.072727273,0.927272727
A2PCR8QD4GNB1K,6700,349.975,5,0.066666667,0.02,0.042105263,0.393939394,0.464285714,0.426229508,0.573770492
A2PQDK3MLDFXYM,7600,317.8625,5,0.431372549,0.078431373,0.254901961,0.296296296,0.37037037,0.333333333,0.666666667
A2QFNRJNY1POP9,7900,336.3625,8,0.016949153,0,0.009615385,0.315789474,0.303030303,0.307692308,0.692307692
A2R99C67XALYWC,8800,333.13125,5,0.296296296,0.254545455,0.275229358,0.041666667,0.043478261,0.042553191,0.957446809
A2TXC8Q2IFGRXH,8650,395.8375,6,0,0,0,0,0.032258065,0.020833333,0.979166667
A2U7YH34X0KFXA,7750,369.525,5,0.017857143,0,0.009803922,0.090909091,0.1875,0.148148148,0.851851852
A2V66KLFVJTLKC,6250,422.4875,1,0.117647059,0.095238095,0.107526882,0.037037037,0.027777778,0.031746032,0.968253968
A2W8TJXW68442D,7150,417.1875,3,0.017857143,0,0.01010101,0.090909091,0,0.035087719,0.964912281
A2WNW8A4MOR7T7,6700,563.01875,5,0.142857143,0,0.072916667,0.137931034,0.193548387,0.166666667,0.833333333
A31K0IKVDH4INE,7150,395.4,5,0,0.425,0.173469388,0.05,0.157894737,0.120689655,0.879310345
A32W24TWSWXW,8200,531.3125,8,0,0,0,0.269230769,0.64,0.450980392,0.549019608
A33Z6BHAJUGCHY,8800,251.725,7,0,0,0,0.277777778,0.206896552,0.234042553,0.765957447
A34YKQXWOMUZRC,7300,403.45625,4,0.056603774,0.044444444,0.051020408,0.2,0,0.086206897,0.913793103
A37AWU2VH1ZIXX,7300,296.8625,7,0,0.023255814,0.01010101,0.318181818,0.457142857,0.403508772,0.596491228
A385F5ZBEV6GWD,6400,805.98125,0,0.765957447,0.666666667,0.717391304,0.064516129,0,0.03125,0.96875
A38E1DWG5IF0KL,3850,504.5125,5,0,0,0,0.842105263,1,0.924050633,0.075949367
A38KHY10NNFR7Z,6700,351.00625,7,0,0,0,0.151515152,0,0.083333333,0.916666667
A39CG6GXC2ZJXB,7000,356.1125,9,0.018181818,0,0.010309278,0.608695652,0.444444444,0.508474576,0.491525424
A39LEVQ5CNSNN4,6700,570.1,6,0,0,0,0,0.264705882,0.14516129,0.85483871
A3A6IHRYUR9STO,8500,328.4875,7,0.037037037,0.037037037,0.037037037,0.041666667,0.083333333,0.0625,0.9375
A3B8DP6KHMP3OS,7450,573.30625,6,0,0,0,0.242424242,0.217391304,0.232142857,0.767857143
A3BP890CXV4UMN,7900,432.325,6,0.044444444,0,0.019417476,0.242424242,0.1,0.188679245,0.811320755
A3BWB2PMOZY5MP,8950,505.25625,6,0.051724138,0,0.027027027,0.05,0,0.022222222,0.977777778
A3BWZ6V34W8SXX,8350,476.90625,10,0,0,0,0.416666667,0.692307692,0.56,0.44
A3C0E8S182VF8Y,3250,298.00625,3,0.277777778,0.054054054,0.164383562,0.619047619,0.487804878,0.554216867,0.445783133
A3CQET3D3CGF34,7450,435.0625,6,0.054545455,0.022727273,0.04040404,0.434782609,0.294117647,0.350877193,0.649122807
A3D38UO96N9SB0,7150,213.5375,8,0.01754386,0.023809524,0.02020202,0.428571429,0.305555556,0.350877193,0.649122807
A3DQL1IS7JPEL8,7750,465.0875,7,0.150943396,0.020408163,0.088235294,0.28,0.344827586,0.314814815,0.685185185
A3F2W4HZRDKNW7,8950,343.2,5,0.192307692,0,0.091743119,0.153846154,0.142857143,0.14893617,0.85106383
A3GHYD28ZZ3IEN,6700,299.1625,2,0.16,0.090909091,0.127659574,0.321428571,0.558823529,0.451612903,0.548387097
A3GZ1GJ00K5GVR,8800,161.61875,4,0,0.02,0.009174312,0,0.035714286,0.021276596,0.978723404
A3H073G4EPBYOM,6400,418.90625,5,0.020408163,0.113636364,0.064516129,0,0.058823529,0.031746032,0.968253968
A3HL2LL0LEPZT8,8950,267.3125,7,0.035087719,0,0.018018018,0.047619048,0.041666667,0.044444444,0.955555556
A3O39S9T9LRU52,8950,475.40625,9,0.016129032,0,0.008928571,0.0625,0,0.022727273,0.977272727
A3PLJLUKN3PEA2,7000,430.0375,8,0,0,0,0.428571429,0.5625,0.5,0.5
A3R55C67WKDZKO,8500,388.3875,9,0.018181818,0,0.009259259,0.47826087,0.68,0.583333333,0.416666667
A3R97T5D3RR9JX,6550,371.50625,3,0.054545455,0.051282051,0.053191489,0.217391304,0.128205128,0.161290323,0.838709677
A3RPTW3IGJHBNQ,8350,420.23125,6,0.092592593,0.058823529,0.076190476,0.166666667,0.259259259,0.215686275,0.784313725
A3RWA3Z313T7FF,7900,1200.55,0,0.84,0.528301887,0.67961165,0.035714286,0.16,0.094339623,0.905660377
A3S9X2BXG4QPIL,7150,588.9125,3,0.142857143,0.071428571,0.112244898,0,0,0,1
A3SOZYQZWJOOYS,5500,394.29375,5,0.02173913,0,0.011494253,0.78125,0.567567568,0.666666667,0.333333333
A3UC8KZ5O8FVX9,7450,279.075,8,0,0,0,0.318181818,0.457142857,0.403508772,0.596491228
A3UV55HC87DO9C,6250,262.6125,3,0.044444444,0,0.02173913,0.242424242,0.193548387,0.21875,0.78125
A3W1CKM4PBLRC0,7150,277.55625,4,0.240740741,0.195652174,0.22,0.625,0.375,0.482142857,0.517857143
A4CHLWPHZIP7Y,6700,290.7625,9,0,0,0,0.551724138,0.709677419,0.633333333,0.366666667
A5EP8OIKS4AGT,6100,845.05,4,0.02,0.024390244,0.021978022,0.035714286,0.216216216,0.138461538,0.861538462
A68J20100VW4W,4900,434.1875,6,0,0,0,0.741935484,0.720930233,0.72972973,0.27027027
A6KOTWP7N7RLU,7600,344.2,8,0,0,0,0.315789474,0.5,0.436363636,0.563636364
A70L26UXLTGLC,7450,224.56875,6,0.117647059,0.04,0.079207921,0.407407407,0.178571429,0.290909091,0.709090909
A8VAYDSZ6Z6K4,6100,403.58125,4,0,0,0,0.09375,0.096774194,0.095238095,0.904761905
AA1IM0SAQ3XFM,5650,326.43125,3,0.191489362,0.047619048,0.123595506,0.258064516,0.166666667,0.208955224,0.791044776
AD1ILDUXZHASF,8350,440.9,10,0,0.06,0.027777778,0.3,0.178571429,0.229166667,0.770833333
AIC4VOWTMZODB,9550,157.975,10,0,0,0,0.294117647,0.416666667,0.365853659,0.634146341
AICQCMWNGVOPH,6850,349.225,8,0,0,0,0.52173913,0.083333333,0.254237288,0.745762712
AK1PBMID4RD59,6850,155.83125,4,0.019607843,0,0.010309278,0.185185185,0.28125,0.237288136,0.762711864
AN45KLUESX3NY,7300,279.74375,6,0.055555556,0.022222222,0.04040404,0.541666667,0.121212121,0.298245614,0.701754386
AOQ9YNK1SX72Q,6100,414.96875,1,0.268292683,0.224489796,0.244444444,0.378378378,0.137931034,0.272727273,0.727272727
AP43EYS9D1Z9E,8200,465.275,6,0.084745763,0,0.047619048,0.105263158,0.03125,0.058823529,0.941176471
ARQR5NIFA1AJ,6400,346.75,4,0.387755102,0.288888889,0.340425532,0.137931034,0.121212121,0.129032258,0.870967742
ARR3UJTM2ZGK4,8950,344.21875,8,0,0,0,0.052631579,0.230769231,0.155555556,0.844444444
AS6327BNFUA80,5650,342.83125,6,0.14893617,0.069767442,0.111111111,0.387096774,0.457142857,0.424242424,0.575757576
ATKNH6OR2G11O,8650,308.675,7,0,0,0,0,0,0,1
ATQJPX3S1JBVY,7300,215.44375,6,0.038461538,0.020833333,0.03,0.384615385,0.5,0.446428571,0.553571429
AUK3G1H465I2P,7450,398.11875,8,0,0,0,0.421052632,0.583333333,0.527272727,0.472727273
AWAW665TQQP2F,7000,221.7125,2,0.333333333,0,0.144329897,0.027777778,0.043478261,0.033898305,0.966101695
AWGYEB0Z48B4R,6550,293.18125,3,0.137254902,0.25,0.189473684,0.407407407,0.529411765,0.475409836,0.524590164
AWTBENF2BL2IQ,8200,314.96875,7,0,0,0,0.125,0.076923077,0.1,0.9
AXGK6DFLFXCV6,5500,379.30625,6,0.042553191,0,0.022727273,0.64516129,0.351351351,0.485294118,0.514705882
AXM7I4TKT8QW7,7000,478.26875,5,0.019607843,0,0.010309278,0.074074074,0.0625,0.06779661,0.93220339
AZUM98AQ97HZJ,5650,274.11875,3,0.361702128,0.333333333,0.348314607,0.580645161,0.277777778,0.417910448,0.582089552
